climat Bouchagroun,,,,,,,,,,,,,,
NASA/POWER CERES/MERRA2 Native Resolution Monthly and Annual ,,,,,,,,,,,,,,
Dates (month/day/year): 01/01/1981 through 12/31/2022 ,,,,,,,,,,,,,,
Location: Latitude  34.718   Longitude 5.4693 ,,,,,,,,,,,,,,
Elevation from MERRA-2: Average for 0.5 x 0.625 degree lat/lon region = 87.27 meters,,,,,,,,,,,,,,
The value for missing source data that cannot be computed or is outside of the sources availability range: -999 ,,,,,,,,,,,,,,
Parameter(s): ,,,,,,,,,,,,,,
PS                  MERRA-2 Surface Pressure (kPa) ,,,,,,,,,,,,,,
TS                  MERRA-2 Earth Skin Temperature (C) ,,,,,,,,,,,,,,
T2M                 MERRA-2 Temperature at 2 Meters (C) ,,,,,,,,,,,,,,
QV2M                MERRA-2 Specific Humidity at 2 Meters (g/kg) ,,,,,,,,,,,,,,
RH2M                MERRA-2 Relative Humidity at 2 Meters (%) ,,,,,,,,,,,,,,
WD10M               MERRA-2 Wind Direction at 10 Meters (Degrees) ,,,,,,,,,,,,,,
WD50M               MERRA-2 Wind Direction at 50 Meters (Degrees) ,,,,,,,,,,,,,,
WS10M               MERRA-2 Wind Speed at 10 Meters (m/s) ,,,,,,,,,,,,,,
WS50M               MERRA-2 Wind Speed at 50 Meters (m/s) ,,,,,,,,,,,,,,
T2MWET              MERRA-2 Wet Bulb Temperature at 2 Meters (C) ,,,,,,,,,,,,,,
T2M_MAX             MERRA-2 Temperature at 2 Meters Maximum (C) ,,,,,,,,,,,,,,
T2M_MIN             MERRA-2 Temperature at 2 Meters Minimum (C) ,,,,,,,,,,,,,,
WS10M_MAX           MERRA-2 Wind Speed at 10 Meters Maximum (m/s) ,,,,,,,,,,,,,,
WS10M_MIN           MERRA-2 Wind Speed at 10 Meters Minimum (m/s) ,,,,,,,,,,,,,,
PRECTOTCORR         MERRA-2 Precipitation Corrected (mm/day) ,,,,,,,,,,,,,,
ALLSKY_SRF_ALB      CERES SYN1deg All Sky Surface Albedo (dimensionless) ,,,,,,,,,,,,,,
PRECTOTCORR_SUM     MERRA-2 Precipitation Corrected Sum (mm) ,,,,,,,,,,,,,,
-END HEADER-,,,,,,,,,,,,,,
PARAMETER,YEAR,JAN,FEB,MAR,APR,MAY,JUN,JUL,AUG,SEP,OCT,NOV,DEC,ANN
PS,1981,101.23,100.84,100.42,100.21,100.25,100.21,100.39,100.37,100.56,100.75,101.36,100.48,100.59
PS,1982,100.82,100.72,100.75,100.16,100.52,100.37,100.31,100.23,100.53,100.33,100.81,101.14,100.56
PS,1983,102.05,100.83,100.8,100.37,100.26,100.39,100.32,100.18,100.55,101,100.62,101.01,100.7
PS,1984,101.12,100.76,100.3,100.25,99.8,100.47,100.54,100.29,100.34,100.79,100.51,101.06,100.52
PS,1985,100.49,100.92,100.44,100.3,100,100.22,100.38,100.38,100.69,100.9,100.52,101.1,100.53
PS,1986,101,100.15,100.66,100.17,100.54,100.22,100.36,100.3,100.56,100.77,101.07,101.45,100.61
PS,1987,100.84,100.53,100.62,100.71,100.28,100.39,100.11,100.26,100.61,100.62,100.74,101.08,100.57
PS,1988,101,100.8,100.74,100.2,100.01,100.06,100.27,100.21,100.62,100.65,100.82,101.26,100.55
PS,1989,101.84,101.39,100.58,100.11,100.34,100.35,100.46,100.18,100.31,100.85,100.64,100.82,100.65
PS,1990,101.31,101.35,101.42,100.3,100.38,100.27,100.36,100.53,100.52,100.35,100.55,100.78,100.67
PS,1991,101.33,100.71,100.15,100.43,100.4,100.32,100.27,100.39,100.5,100.5,100.9,101.52,100.62
PS,1992,101.44,101.41,100.7,100.33,100.37,100.1,100.35,100.42,100.66,100.18,101.13,100.88,100.66
PS,1993,101.8,101.04,100.84,100.28,100.12,100.22,100.39,100.38,100.27,100.35,100.61,101.19,100.62
PS,1994,100.96,100.66,100.91,100.34,100.16,100.43,100.27,100.3,100.33,100.5,101.08,101.48,100.62
PS,1995,101.31,101.05,100.63,100.39,100.39,100.14,100.12,100.13,100.35,100.97,100.81,100.71,100.58
PS,1996,100.33,100.46,100.33,100.25,100.27,100.56,100.43,100.14,100.25,100.77,100.98,100.44,100.43
PS,1997,100.93,101.64,101.08,100.44,100.29,99.96,100.25,100.37,100.59,100.52,100.41,100.79,100.6
PS,1998,101.12,101.44,101.08,100.17,100.19,100.46,100.24,100.33,100.24,100.86,100.8,101.26,100.68
PS,1999,100.92,100.91,100.37,100.53,100.36,100.3,100.12,100.09,100.21,100.69,100.78,101.1,100.53
PS,2000,101.35,101.6,100.91,100.07,100.21,100.57,100.22,100.49,100.31,100.61,100.73,100.9,100.66
PS,2001,100.92,101.04,100.44,100.43,100.21,100.33,100.16,100.32,100.25,100.86,100.73,101.05,100.56
PS,2002,101.72,101.1,100.5,100.17,100.25,100.37,100.11,100.17,100.34,100.71,100.55,100.92,100.57
PS,2003,100.81,100.83,101.06,100.19,100.37,100.33,100.31,100.42,100.57,100.36,100.69,100.88,100.57
PS,2004,100.78,101.04,100.82,100.24,100.23,100.46,100.35,100.32,100.71,100.56,100.77,100.73,100.58
PS,2005,101.38,100.62,100.64,100.38,100.42,100.38,100.22,100.24,100.51,100.76,100.7,100.96,100.6
PS,2006,100.88,100.55,100.54,100.23,100.38,100.49,100.41,100.06,100.44,100.55,101.13,101.37,100.59
PS,2007,101.54,100.8,100.55,100.25,100.27,100.06,100.32,100.1,100.49,100.49,100.68,101.2,100.56
PS,2008,101.38,101.49,100.32,100.26,99.97,100.24,100.19,100.17,100.32,100.69,100.67,100.83,100.54
PS,2009,100.44,100.61,100.48,100.34,100.52,100.3,100.36,100.22,100.39,100.57,100.87,100.42,100.46
PS,2010,100.45,100.1,100.64,100.39,100.23,99.99,100.22,100.18,100.32,100.31,100.28,100.57,100.31
PS,2011,100.89,100.81,100.81,100.28,100.49,100.37,100.04,100.25,100.4,100.73,100.7,101.41,100.6
PS,2012,101.32,100.9,101.14,99.93,100.43,100.24,100.19,100.35,100.38,100.35,100.43,101.13,100.57
PS,2013,100.89,100.54,99.99,100.18,100.1,100.34,100.32,100.28,100.43,100.65,100.52,101.37,100.47
PS,2014,100.68,100.73,100.51,100.33,100.29,100.27,100.16,100.15,100.34,100.66,100.4,101.1,100.47
PS,2015,101.22,100.51,100.71,100.76,100.43,100.36,100.29,100.27,100.35,100.5,101.22,102.03,100.72
PS,2016,101.31,100.94,100.35,100.06,100.26,100.22,100.36,100.44,100.52,100.55,100.66,101.43,100.59
PS,2017,100.93,100.97,100.8,100.55,100.37,100.3,100.32,100.36,100.51,101,100.81,101.34,100.69
PS,2018,101.21,100.3,100.02,100.19,100.1,100.16,100.12,100.3,100.61,100.4,100.66,101.46,100.46
PS,2019,100.76,101.31,100.96,100.15,100.23,100.15,100.11,100.23,100.5,100.59,100.34,100.93,100.52
PS,2020,101.5,101.48,100.5,100.37,100.41,100.17,100.22,100.1,100.47,100.71,101.11,100.61,100.63
PS,2021,100.77,101.06,100.91,100.25,100.37,100.2,100.13,100.14,100.41,100.69,100.46,101.09,100.54
PS,2022,101.51,101.27,100.65,100.08,100.47,100.19,100.32,100.07,100.2,101.02,100.85,100.94,100.63
TS,1981,7.86,10.81,18.63,21.59,26.59,33.24,33.83,33.26,28.76,23.12,14.77,11.4,22.05
TS,1982,10.65,11.83,15.26,19.46,24.94,33.3,36.48,34.96,29.98,22.73,14.22,8.79,21.94
TS,1983,7.9,10.53,15.45,21.7,26.36,32.27,35.55,34.73,30.4,23.63,17.33,10.12,22.23
TS,1984,9.59,10.95,15.31,21.63,25.72,31.78,34.82,33.88,28.88,21.42,15.06,10.37,21.65
TS,1985,7.9,13.65,14.57,21.68,25.25,33.7,36.04,34.72,29,22.35,15.95,10.25,22.12
TS,1986,9.2,11.51,15.05,19.32,27.98,32.1,35.07,35.58,30.74,22.62,15.08,10.08,22.09
TS,1987,7.56,11.76,15.7,21.33,26.48,32.54,36.17,36.04,32.12,23.62,15.12,11.86,22.58
TS,1988,10.55,12.65,16.44,22.62,28.59,32.19,37.76,36.16,29.16,23.06,16.12,9.97,22.98
TS,1989,8.83,11.45,17.18,20.45,26.98,30.96,35.36,36.19,29.97,23.79,16.58,12.72,22.61
TS,1990,10.51,13.67,17.13,20.65,25.05,31.84,35.12,33.01,32.17,25.31,16.19,8.84,22.5
TS,1991,8.82,10.18,15.88,18.8,22.79,31.87,35.98,35.08,30.06,21.85,13.65,9.23,21.25
TS,1992,7.64,11.05,15.29,18.9,24.84,29.66,34.11,34.42,30.08,22.26,15.31,10.15,21.17
TS,1993,8.11,10.94,14.62,20.21,26.28,33.6,35.27,35.29,29.16,22.82,15.52,10.34,21.9
TS,1994,10.46,11.26,17.13,19.6,28.88,33.69,36.87,36.69,30.26,22.47,16.82,11.01,23
TS,1995,9.5,14.4,15.54,19.74,27.49,32.16,36.28,35.3,27.84,21.96,15.38,12.05,22.35
TS,1996,11.08,10.88,15.05,19.65,25.06,29.68,32.69,34.51,27.5,20.39,14.75,10.75,21.04
TS,1997,10.19,13.52,16.39,19.35,26.95,34.1,35.99,34.8,28.04,22.64,15.28,10.19,22.33
TS,1998,9.55,12.67,15.5,21.04,25.16,32.28,35.88,35.55,30.76,21.46,14.9,8.69,22
TS,1999,9.01,9.4,15.12,20.82,28.55,34.21,36.17,36.58,31.79,25.08,15.22,9.5,22.7
TS,2000,7.26,11.7,16.37,21.91,29.08,32.02,35.72,34.74,29.8,20.91,14.69,10.81,22.12
TS,2001,9.33,10.64,19.19,21.5,27.08,34.28,37.22,35.77,31.08,26.31,15.88,9.19,23.2
TS,2002,8.19,12.18,17.62,21.87,26.95,33.37,36.08,34.31,30.09,23,15.52,11.38,22.6
TS,2003,9.44,9.76,15.17,20.77,26.59,33.97,38.01,36.19,29.93,23.71,15.23,9.52,22.44
TS,2004,9.83,12.05,16.15,19.95,23.56,30.23,34.93,35.58,28.91,23.79,13.87,9.9,21.59
TS,2005,7.08,8.58,15.99,20.66,28.02,32.67,36.6,34.85,29.96,23.69,15.08,8.91,21.92
TS,2006,7.48,10.32,16.06,22.37,28.54,31.28,36.64,35.33,27.73,24.55,15.69,11.08,22.33
TS,2007,10.2,13.36,15.32,20.26,26.87,33.69,35.59,35.28,29.66,22.88,14.38,10.43,22.38
TS,2008,9.39,11.87,16.87,23.12,26.92,32.61,37.48,35.98,30.3,22.7,13.33,8.92,22.49
TS,2009,9.84,10,14.52,17.62,25.33,32.44,37.48,35.94,27.87,22.12,15.2,11.45,21.73
TS,2010,10.48,13.01,16.65,22.14,24.83,32.45,37.21,36.47,30.48,22.16,15.23,10.46,22.69
TS,2011,9.76,11.22,15.51,22.53,26.18,31.73,37.13,36.07,31.36,22.18,15.48,10.94,22.57
TS,2012,9.26,8.73,15.63,20.83,28.15,35.86,38.25,37.31,29.65,24.57,17.05,10.12,23
TS,2013,10.26,10.31,17.39,21.92,26.48,31.25,36.44,34.52,30.12,25.03,15.53,9.83,22.5
TS,2014,9.87,12.46,15.1,22.69,27.59,31.64,36.22,36.59,32.15,24.29,16.82,10.51,23.05
TS,2015,9.67,10.79,15.83,23.07,29.21,32.95,36.62,36.33,30.4,23.86,16.5,10.54,23.05
TS,2016,10.61,13.12,15.83,22.37,28.06,33.97,36.61,35.37,31.01,25.33,15.78,11.71,23.34
TS,2017,8.1,12.78,17.57,21.5,29.7,33.88,37.18,36.65,29.79,22.64,14.41,9.58,22.87
TS,2018,10.76,10.73,16.41,22.47,26.78,33.35,38.9,35.33,32.13,21.8,14.93,11.27,22.98
TS,2019,9.34,11.41,16.58,20.94,25.84,34.74,37.84,37.44,30.12,24.41,14.3,11.91,22.98
TS,2020,9.52,14.14,17.04,22.04,28.87,33.31,37.46,37.38,29.87,22.58,17.55,11.23,23.44
TS,2021,10.63,13.9,16.21,22.76,28.68,35.58,38.7,38.52,32.78,23.77,15.48,10.45,24.01
TS,2022,8.83,12.99,15.82,21.23,28.25,36.78,38.73,37.94,33.27,24.78,17.45,14.01,24.23
T2M,1981,8.41,11,18.3,20.66,25.1,30.94,31.57,31.23,27.93,23.11,15.37,12.09,21.37
T2M,1982,11.39,12.29,14.89,18.61,23.83,31.58,34.69,33.11,28.67,22.24,14.64,9.51,21.33
T2M,1983,9.35,10.76,15.19,20.77,24.9,30.12,33.62,33.07,28.67,22.83,17.47,10.76,21.51
T2M,1984,10.28,10.97,14.65,20.37,23.83,29.65,32.57,32.02,27.51,20.8,15.49,11.08,20.8
T2M,1985,8.37,14.24,14.01,20.69,23.86,31.64,33.92,32.73,27.87,22.01,16.31,11.15,21.43
T2M,1986,9.61,11.62,14.58,18.41,26.55,30.05,32.68,33.76,29.01,22.51,15.42,10.66,21.3
T2M,1987,8.43,11.74,15.18,20.51,24.6,30.65,34.08,34.38,30.65,23.34,15.44,12.91,21.88
T2M,1988,11.1,12.74,15.77,21.43,27.03,30.24,35.3,34.17,27.74,23.26,16.42,10.8,22.2
T2M,1989,9.91,12.01,16.86,19.44,25.09,28.76,33.15,34.28,28.93,23.01,16.73,13.37,21.86
T2M,1990,11.01,14.27,16.51,19.42,23.77,30.49,32.9,31.21,31.26,24.7,16.15,9.7,21.82
T2M,1991,9.83,10.44,15.63,17.74,21.28,29.63,33.83,33.04,28.8,21.72,14.4,10.08,20.59
T2M,1992,8.7,11.53,14.78,18.1,23.4,27.58,31.55,32.48,28.58,21.99,16.38,11.11,20.54
T2M,1993,9.36,11.04,14.27,19.26,24.87,31.52,32.98,33.37,27.81,22.55,15.76,11.32,21.23
T2M,1994,11.12,11.83,17,18.26,27.42,31.38,34.44,34.71,28.85,22.01,17.37,11.92,22.26
T2M,1995,10.14,14.58,15.02,18.37,25.69,29.98,33.58,33.07,26.83,21.8,15.65,12.78,21.5
T2M,1996,11.64,11.16,14.8,18.84,23.75,27.57,31.23,32.94,26.37,20.05,15.26,11.45,20.45
T2M,1997,11.02,13.92,15.65,18.37,25.51,32.15,33.87,32.66,26.94,22.33,15.74,10.96,21.64
T2M,1998,10.3,13.05,15.4,20.15,23.72,30.55,33.53,33.36,29.41,20.99,15.11,9.6,21.3
T2M,1999,9.9,9.74,15.08,20.05,27.39,32.36,33.83,35.23,30.15,24.68,15.48,10.17,22.08
T2M,2000,8.41,12.14,16.14,20.83,27.56,29.66,33.48,32.98,28.49,20.47,15.4,11.87,21.48
T2M,2001,10.01,11.19,19.01,20,25.34,31.73,35.06,33.65,29.64,25.99,16.17,9.98,22.38
T2M,2002,9.46,12.72,17.05,20.54,25.31,31.25,33.71,32.48,28.48,22.48,15.58,12.03,21.8
T2M,2003,10.06,9.98,14.74,19.96,25.12,31.64,35.8,33.89,28.3,23.33,15.57,10.13,21.61
T2M,2004,10.68,12.55,15.87,18.98,22.01,28.74,32.75,33.55,27.48,23.76,14.31,10.58,20.97
T2M,2005,8.2,8.9,15.83,19.62,26.51,30.59,34.5,32.84,28.28,23.26,15.36,9.62,21.2
T2M,2006,8.01,10.62,15.91,21.56,27.15,29.79,34.03,33.15,26.65,24.02,16.18,11.88,21.65
T2M,2007,11.36,13.4,15.11,19.23,25.15,31.54,33.05,33.31,28.62,22.4,14.72,10.97,21.62
T2M,2008,10.4,12.21,16.35,21.67,25.32,29.81,35.15,33.69,28.88,22.15,13.73,9.76,21.62
T2M,2009,10.51,10.19,14.26,16.8,24.17,30.45,35.27,33.9,26.66,21.73,15.73,12.14,21.05
T2M,2010,11.08,13.26,16.33,20.94,23.21,30.3,34.62,34.16,28.65,21.68,15.44,11.04,21.77
T2M,2011,10.52,11.4,14.95,21.35,24.44,29.32,34.6,33.75,29.81,21.44,15.94,11.62,21.65
T2M,2012,10.15,8.77,15.15,19.95,25.9,33.59,35.97,35.1,28.4,23.83,17.23,11.06,22.14
T2M,2013,11.02,10.53,16.99,20.78,24.75,29.06,33.91,32.06,28.69,24.87,15.54,10.84,21.65
T2M,2014,10.44,12.55,14.8,21.56,25.6,29.61,33.73,34.23,30.82,24.03,17.15,11.08,22.18
T2M,2015,10.35,10.68,15.31,21.76,27.19,30.34,33.78,33.92,28.92,23.21,16.6,11.97,22.07
T2M,2016,11.45,13.19,15.3,21.48,26.24,31.36,33.87,32.69,29.02,24.99,16.21,12.36,22.37
T2M,2017,8.7,13.13,17.02,20.34,27.67,31.44,34.43,34.26,28.1,21.91,14.87,10.13,21.88
T2M,2018,11.33,10.8,16,21.21,24.74,30.54,36.45,32.43,30.38,21.38,15.21,12.3,21.96
T2M,2019,9.71,11.63,16.05,19.87,23.83,32.65,35.44,35.05,29.07,23.54,14.46,12.79,22.07
T2M,2020,10.72,14.83,16.4,20.92,27.17,30.85,34.61,35.11,28.36,21.83,17.62,11.72,22.53
T2M,2021,11.14,13.93,15.54,21.26,26.93,33.71,36.41,36.58,31.55,22.76,15.58,11.27,23.11
T2M,2022,9.76,13.21,15.31,20.14,26.12,34.45,35.8,35.33,31.78,24.5,17.6,15.02,23.3
QV2M,1981,4.09,4.52,5.98,5.8,5.68,8.18,8,7.63,8.97,6.77,5.43,5.43,6.41
QV2M,1982,4.7,5.31,4.82,6.04,7.39,7.75,6.59,7.69,8.67,6.9,6.65,4.82,6.47
QV2M,1983,3.97,4.39,5,5.49,6.1,7.02,6.47,7.93,7.45,6.84,6.41,4.58,5.98
QV2M,1984,4.7,4.27,4.52,5.37,4.88,5.98,5.8,7.69,7.51,7.08,5.98,5.07,5.74
QV2M,1985,4.21,5.07,4.82,5.13,6.53,6.9,6.29,6.71,7.75,7.14,6.29,5.07,5.98
QV2M,1986,4.52,4.7,5.13,5,6.59,7.08,7.08,6.96,7.93,8.48,5.8,5.07,6.23
QV2M,1987,4.03,4.76,5.13,5.31,6.16,7.26,7.51,7.51,7.2,6.9,5.43,5.49,6.04
QV2M,1988,4.7,4.39,4.39,5.31,6.04,8.24,7.14,7.57,7.39,7.39,6.53,4.88,6.16
QV2M,1989,4.46,4.33,4.64,5.13,5.62,7.57,7.39,8.54,8.85,8,5.86,5.68,6.35
QV2M,1990,5.31,5,5.55,6.23,8.18,8.48,8.12,10.31,8.48,6.84,6.71,4.58,6.96
QV2M,1991,4.64,4.33,5.62,5.49,5.92,7.81,7.45,8.18,9.7,8.06,5.43,4.76,6.47
QV2M,1992,4.64,4.64,5.49,5.62,7.08,6.65,8.54,7.93,8.18,6.16,6.35,5.13,6.35
QV2M,1993,4.09,4.82,4.82,5.13,6.04,8.06,7.32,7.08,7.51,6.23,6.35,5,6.04
QV2M,1994,4.94,4.09,5,4.58,5.19,6.29,6.41,7.08,8.97,9.09,6.77,5.19,6.16
QV2M,1995,4.58,5.25,4.88,4.7,5.55,7.39,7.87,8,8.85,7.93,5.55,5.92,6.41
QV2M,1996,5.55,4.7,5.68,6.04,7.08,8.79,8.48,8.61,8.48,6.1,5.43,5.07,6.65
QV2M,1997,4.94,4.46,4.21,5.86,6.29,6.71,7.2,8.67,10.31,8.48,6.41,5.31,6.59
QV2M,1998,5,5,4.52,5.62,7.02,7.02,6.77,8.54,9.03,6.47,5.49,4.46,6.23
QV2M,1999,4.88,4.52,5.25,5.31,7.02,7.75,7.63,8.12,9.03,7.2,5.68,5.13,6.47
QV2M,2000,3.91,4.21,4.7,4.82,7.63,7.51,7.02,6.77,7.81,7.32,5.68,4.76,5.98
QV2M,2001,4.39,3.78,4.76,4.76,6.04,5.74,6.29,8.3,9.64,7.93,5.92,4.58,6.04
QV2M,2002,4.15,4.15,4.27,4.52,5.43,5.68,7.63,8.79,7.75,6.35,5.86,5.31,5.86
QV2M,2003,4.94,4.39,5.19,6.04,6.65,7.63,7.08,7.63,9.09,8.97,6.16,4.94,6.59
QV2M,2004,5.07,4.94,5.55,6.04,7.08,8.42,7.69,9.46,8.3,6.65,6.16,5.43,6.71
QV2M,2005,4.03,4.09,5.19,5.92,6.35,8.24,7.93,8.18,8.91,8.61,5.92,4.82,6.53
QV2M,2006,4.33,4.7,5.31,6.23,8,6.16,8.12,8.36,8.48,6.71,6.16,5.55,6.53
QV2M,2007,4.88,5.07,4.76,6.71,6.53,6.65,6.9,8.24,9.64,7.75,5,4.76,6.41
QV2M,2008,4.52,4.39,4.52,4.39,6.59,7.02,7.08,8.54,8.06,8.79,5.62,5,6.23
QV2M,2009,5.43,4.64,5.31,5.74,6.59,7.63,8.12,8.24,10.25,7.14,5.13,5.37,6.65
QV2M,2010,4.94,5.07,4.94,6.71,6.29,7.75,7.63,8.48,8.61,6.53,5.92,4.39,6.47
QV2M,2011,4.7,4.39,5.25,6.29,7.39,8.12,8.42,7.93,8.67,8.06,6.47,5.25,6.77
QV2M,2012,4.52,3.72,4.76,5.68,6.35,7.32,6.9,7.2,7.57,7.14,6.84,4.82,6.04
QV2M,2013,4.64,3.97,5.37,5.43,6.59,6.53,8.06,7.87,8.91,7.81,5.62,5.07,6.35
QV2M,2014,4.7,4.7,5.07,5.19,6.29,7.14,7.26,8.06,8.54,6.53,5.74,5,6.23
QV2M,2015,4.39,4.27,4.76,5,5.31,7.08,6.9,9.77,8.85,8,6.1,4.58,6.29
QV2M,2016,4.58,4.46,4.03,5.86,5.8,6.77,7.2,7.87,8.67,7.81,5.86,5.86,6.23
QV2M,2017,4.21,4.64,4.39,5.86,7.32,7.81,6.84,7.63,8.12,7.2,4.82,4.7,6.1
QV2M,2018,4.58,4.33,5,5.49,7.26,6.96,7.02,9.7,8.67,7.57,5.74,4.94,6.47
QV2M,2019,4.52,3.78,4.21,5.74,6.47,6.47,7.39,8.79,10.31,7.51,5.8,5.37,6.35
QV2M,2020,4.39,4.27,5.49,7.08,6.53,7.51,7.81,7.57,10.01,5.86,6.23,5.19,6.47
QV2M,2021,4.7,4.46,4.39,5.43,7.51,7.32,6.77,7.14,8.48,6.96,5.92,5.07,6.23
QV2M,2022,3.97,4.27,5.25,5.37,6.1,5.92,7.63,8.36,8.42,7.32,5.49,5.74,6.16
RH2M,1981,62.5,58.25,48.19,40.94,31.62,31.44,29.62,29.19,39.69,40.69,52.31,62.5,43.81
RH2M,1982,58.81,62,48.25,48.12,42.25,29.56,20.75,26.19,37.25,43.19,64.88,67.06,45.56
RH2M,1983,57.88,56.38,48.62,37.81,33.69,28.12,21.31,26.81,31.88,41.19,53.81,59.69,41.31
RH2M,1984,62.38,54.44,46.38,38.88,29.44,24.88,20.38,27.44,34.81,49.19,56.88,63.75,42.38
RH2M,1985,63.31,52.06,51.12,37.19,37.75,25.69,20.31,23.19,35.38,45.06,55.81,63.31,42.5
RH2M,1986,63.31,56.88,52.62,40.31,32.69,28.81,24.56,22.75,33.44,51.56,55.38,65.12,43.88
RH2M,1987,61,57.81,50.56,37.5,33.75,28.19,24.19,23.5,27.38,39.56,51.5,60.5,41.19
RH2M,1988,59.88,50.06,43.69,35.25,29.44,32.88,21.38,24.12,34.19,42.44,57,63.25,41.12
RH2M,1989,61,52.06,42,39,30.38,32.94,24.69,26.88,37.25,46.94,51.12,61.12,42.06
RH2M,1990,66.94,52.62,50.38,46.25,47.69,33.38,27.5,38.25,31.56,37,58.75,62.81,46.06
RH2M,1991,63.5,57.88,53.56,46.19,39.25,32.5,24.12,27.69,40.81,50.88,54.38,64.44,46.19
RH2M,1992,68.56,57.44,55.31,45.62,42.62,31.19,31.38,27.25,35.31,38.75,55.25,64.06,46.06
RH2M,1993,59.12,61.38,49.88,39.5,34,29.62,25.12,23.62,33.94,38.38,57.75,62.19,42.75
RH2M,1994,62.94,50.5,44.31,38.25,25.06,23.94,20.19,21.88,38.38,56.69,56.56,62.12,41.69
RH2M,1995,62.12,53.44,48.62,38.12,28.81,30.19,25.69,27.38,42.44,50.25,52,65.56,43.69
RH2M,1996,66.25,58.75,56.94,47.31,41.12,40.06,32.5,29.31,40.81,44.12,52.12,61.25,47.5
RH2M,1997,62.19,48.62,41.25,47.56,32.62,24.56,23.88,29.75,49.12,51.19,58.94,66.5,44.62
RH2M,1998,65.62,56.12,44.56,40.5,40.69,28.19,22.56,28.44,37.62,43.81,53.56,62.25,43.62
RH2M,1999,66.19,62.44,52.12,39.38,33.38,27.31,24.62,24.38,35.12,38.31,52.56,67.31,43.5
RH2M,2000,59.31,51.56,43.56,34.38,35.19,31.44,23.38,23.56,34.75,50.75,53.31,56.81,41.44
RH2M,2001,58.94,49.19,37.5,35.38,32.81,21.62,19.62,27.19,39,39.31,53.44,62.75,39.69
RH2M,2002,59.25,48.12,38.44,33.25,29.81,21.75,25.31,30.81,33.69,39.19,54.81,62.69,39.75
RH2M,2003,66.38,59.75,51.81,44.81,36.06,28.31,20.69,24.5,40.19,52.75,57.88,65.5,45.62
RH2M,2004,64.94,57,50.94,47,44.94,36.94,26.5,31.25,37.94,38.12,62.31,69.31,47.25
RH2M,2005,61.81,60.19,48.75,43.56,31.62,32.19,25,28.75,39.81,49.81,55.25,67,45.19
RH2M,2006,66.12,61.5,49.81,41.5,38.88,26.75,25.75,28.25,40.81,37.69,55.94,66.38,44.88
RH2M,2007,60.81,55.88,46.75,50.38,36.44,25.94,23.38,27.44,41.19,47.19,49.75,60.12,43.69
RH2M,2008,60.38,51.81,42.12,30.06,35.25,29.44,21.44,27.88,35.88,54.12,59.06,67.88,42.94
RH2M,2009,69.44,62.19,54.62,51.88,38.12,30.06,24.5,26.62,50.12,45.94,47.88,61.31,46.81
RH2M,2010,61,55.25,44.88,45.81,37.94,31,23.75,26.75,36.94,42.06,55.06,54.12,42.81
RH2M,2011,61.25,55.12,52,42.81,40.81,34.81,26.31,25.56,35.5,52.62,59,63.75,45.75
RH2M,2012,61,55.12,47.31,41.81,32.06,24.44,20,22.19,33,41.25,56.56,60.88,41.25
RH2M,2013,59.06,52.12,46.69,38.5,36.5,28,25.69,27.88,37.94,41.25,52.75,64.88,42.56
RH2M,2014,61.62,54.56,51.06,35.25,32.81,30,23.81,25.38,33.44,36.94,49,63.56,41.38
RH2M,2015,59.12,55.69,46.81,32.25,26.44,28.19,22.5,31.88,37.19,46.81,53.5,55.56,41.25
RH2M,2016,56,48.81,41.44,39.81,29.88,25.75,23.19,27.31,37.31,41.19,53.12,67.5,40.94
RH2M,2017,62.81,51.62,39.38,42.19,33.5,29.5,21.94,24.19,36.12,45.88,48.62,62.94,41.5
RH2M,2018,58,55.62,46.5,37.12,39.62,28,19.62,33.62,33.5,48.75,54.69,58.69,42.75
RH2M,2019,63.38,48.12,40.94,42.5,37.62,23.19,22,27.31,43.06,43.56,57.56,60.75,42.44
RH2M,2020,57.62,43.31,49.81,48.25,31.56,28.62,24.44,22.88,43.06,37.56,51.88,61.5,41.69
RH2M,2021,57.81,46.88,43.12,37,37.25,25.12,19.38,20.31,30.88,42.88,55.44,62.5,39.88
RH2M,2022,55.5,48.5,50.69,39.25,31.94,19.06,22.25,24.94,31.5,39.06,46.44,54.88,38.62
WD10M,1981,326.44,331.94,327.62,35.5,18.19,83.88,107.94,81.12,61.12,19.88,334.19,313.31,352.5
WD10M,1982,346.38,331.75,339.5,350.12,115.94,109.75,119.56,111.81,112.75,356.12,348.5,317.88,27.19
WD10M,1983,324.19,52.19,328.44,85.5,71.31,93.94,116.88,102.12,111,23.88,333.69,331.62,37.94
WD10M,1984,326.62,330.5,338.69,9.69,334.69,114.38,127.81,118.5,62.56,355.44,30.62,330.31,6.94
WD10M,1985,328.69,350.94,323.31,3.69,18.25,114.31,131.69,119.94,106.19,112.25,336,349.06,44.69
WD10M,1986,320.75,313.12,326.62,332.94,122.56,103.25,99.31,120.81,71.44,40.88,350.81,325.06,3.12
WD10M,1987,331.69,324.56,340.25,66.38,7.56,102.31,120.5,125.25,128.44,98.5,330,30.94,68.25
WD10M,1988,349.38,335.44,321.25,10.12,66.94,103.12,119.75,124.06,112.81,101.44,70.38,325.38,40.06
WD10M,1989,41.44,323,45.5,324.75,107.25,96.75,122.75,96.25,95.31,91.69,105.94,76.44,80.44
WD10M,1990,9.06,320.12,95.81,343.19,105.5,122.75,112.44,110.38,113.81,5.06,344.62,322.06,55.5
WD10M,1991,331.31,335.75,10.31,322,23.75,130.06,117,102.88,116.25,46.94,336.31,327.31,21.5
WD10M,1992,67.12,3.19,343.12,315.31,69.38,24.81,118.5,127.19,129.38,349.25,340.56,322,30.62
WD10M,1993,341.56,43.31,315.44,341.19,86,102.38,124.94,132.56,105,88.12,46.44,324.94,62.62
WD10M,1994,329.69,329.56,77.75,332.62,125,116.94,128.88,142.06,126.12,79.38,329.94,322.38,22.81
WD10M,1995,324.44,337.62,329.56,340.25,36.06,91.06,109.25,59.69,348.06,103.88,336.75,321.06,2.81
WD10M,1996,332.81,316.44,313.44,351.94,1.19,71.25,115.38,109.31,358.62,326.31,323.5,21,349.56
WD10M,1997,19.25,339.81,359.69,16.69,110.94,74.81,108.44,120.12,53.81,332,318.19,342.81,32.25
WD10M,1998,341.06,344.5,354.88,332,27.88,112.75,131.19,97.69,64.69,340.44,335.38,338.81,10.75
WD10M,1999,339.06,335.94,345.69,356,90.5,96.69,110.12,123.69,81.06,114.75,350.19,328.88,30.88
WD10M,2000,344.38,333.38,66.38,304.88,133.69,116.88,120.75,136.75,123.56,27,349.69,349,82.94
WD10M,2001,327.25,335.38,347.62,334.75,33,110.25,95,115.31,94.75,122,356.31,356.44,32.88
WD10M,2002,341,337.94,356.75,288.19,12,123.81,99.75,91.81,11.25,135.94,335.62,319.75,3.25
WD10M,2003,323.5,328.88,46.19,13.31,58.12,127.75,124.12,110.88,22.94,131.75,11.81,329,6.5
WD10M,2004,325.06,318.19,51.81,338,344.75,58.31,116.56,122.38,60.81,37.31,330.38,340.88,9.56
WD10M,2005,324.75,332.75,12.19,349.62,81.06,111.25,110.75,110.31,66.69,107.31,18.56,339.5,33.81
WD10M,2006,348.5,316.12,334.38,53.06,124.12,119.38,111.44,92.25,94.19,109.31,59.31,353.62,65.44
WD10M,2007,350.81,323.19,327.88,67.19,355.5,105.69,130.75,111.5,94.25,28.44,342.12,337.88,22.75
WD10M,2008,355.75,127,320.19,332.19,61.19,90.81,126.06,116.69,65.75,100.12,315.19,324.25,41.88
WD10M,2009,327.94,309.44,323.88,320.81,103.44,63.94,115.81,132.25,68.88,343.81,331.12,326.62,4.56
WD10M,2010,312.88,298.31,347.19,23.56,352,87.06,118.56,113.56,182.44,355.69,311.88,332.75,5.69
WD10M,2011,2.25,323.19,50.44,93.25,91.25,105.44,98.94,128,95.5,86.5,38.19,338.38,47.12
WD10M,2012,334.81,324.88,48.31,327.31,48.62,116.62,136.94,123.62,91.31,50.19,49.56,333.12,15.94
WD10M,2013,305.25,320.5,315,57.5,345.81,92.38,122.75,130.69,92.81,113.69,323.94,16.25,3.19
WD10M,2014,328,327.12,342.88,338.44,93.56,102.38,108.31,119.88,40.31,34.56,140.19,319.94,22.88
WD10M,2015,314.31,319.25,351.88,122.5,104.62,108.88,126.38,130.31,99.69,335.75,339.06,91,41.94
WD10M,2016,330.44,315.75,322.75,25.62,337.5,59.38,117.38,129.31,51.31,74.38,358.25,62.25,18.06
WD10M,2017,322.5,7.88,3.44,78.19,119,107.81,129.62,125.19,117.31,86.38,331.56,332.31,54.88
WD10M,2018,347.69,323.06,305.12,49,17.81,67.94,122.81,76.75,129.5,331.38,347.38,326.69,354.19
WD10M,2019,321.25,335.62,29,347.75,1.69,130,117.44,117.69,72.19,1.5,312.69,353.81,11.25
WD10M,2020,57.69,344.25,13.19,23.38,86.25,1.38,110.06,141.25,12.56,343.81,17.25,323.81,34.56
WD10M,2021,323.19,97.56,49.88,61,103.12,115.75,131.06,136.5,111.31,5.06,310.38,318.25,76.75
WD10M,2022,329.12,1.25,93.25,22,322.38,123.31,126.38,117.62,90.62,108.19,326.81,326.31,72.88
WD50M,1981,327,332.75,331.44,40.44,29.25,82.19,105.12,79.62,57.5,17.12,335.62,313.5,354.31
WD50M,1982,349.81,332.56,341.44,353.5,114.31,108.12,119,112.06,112.31,356.62,353.44,318.94,26.25
WD50M,1983,325.38,23.88,330.88,75,79,91.94,115.44,98.56,105.12,26,335.5,333.44,33.94
WD50M,1984,326.88,332.56,342.88,9.88,341.62,111.62,127.06,116.94,61.56,360,24.31,331.88,9.31
WD50M,1985,330.56,353.94,325.06,11,25.5,112.75,131.38,118.94,101.12,104.44,336.44,349.69,40.81
WD50M,1986,321.06,315.06,328.38,339.56,120.06,97.25,97.06,120.81,68.81,41.62,352.62,326.06,2.31
WD50M,1987,332.19,326.38,343.75,63.69,13.19,100.19,119.81,123.69,126.12,97.38,331,27.81,62.31
WD50M,1988,352,337.12,322.69,12.88,72.56,99.31,118.25,123.94,109.81,96.94,66.25,326.12,36.62
WD50M,1989,40.06,323.69,37.69,326.75,105.12,92.94,122.75,93.06,94.69,87.19,101.75,70.12,75.44
WD50M,1990,10.5,320.56,89.19,346.62,105,121.69,109.62,108.44,111.06,9.12,345.88,323.38,49.88
WD50M,1991,333.12,338.12,10.88,326.25,24.44,122.94,117.06,98.31,113.5,50.19,337.94,329,18.75
WD50M,1992,56.88,4.25,346.94,316.5,67.44,30.94,117.06,127.31,128.88,358.19,342.19,324.44,28.25
WD50M,1993,341.56,37.31,319.06,346,87.12,98.75,126.12,132.12,104.88,91.25,39.56,326.25,57.31
WD50M,1994,331.12,332.5,71.38,334.81,124.19,115.56,130.19,143.81,124.06,59.81,330.56,324.31,18.75
WD50M,1995,324.81,339.12,330,345.31,41.75,90.56,107.31,59.5,353.56,95.75,339.19,319.75,1.75
WD50M,1996,333.25,317.12,315.38,355.75,8,70.88,113.06,107.31,359.94,329.94,322.75,32.69,352.19
WD50M,1997,19,340.75,359.5,10.25,107.69,80.94,108.31,118.19,53.75,335.56,319.44,344.19,30.38
WD50M,1998,342.19,345,358.06,338.94,40.25,112.94,134.38,99.12,68.94,343.31,337.81,340.69,14.25
WD50M,1999,340.56,337.31,350.5,357.06,89.75,98.06,111.62,123.62,79.06,115.81,353.44,329.56,31.38
WD50M,2000,345.25,335.5,67.5,301.38,135.25,116.62,120.5,138.62,124.25,30.12,353.25,349.56,78.31
WD50M,2001,329.31,337.75,350.88,339.38,46.25,107.75,93.31,112.56,91.75,117.62,358,359.31,34.12
WD50M,2002,342.62,340.75,0.12,288.25,20.38,124.56,98.88,88.56,21.56,135.94,337.25,321.06,7.5
WD50M,2003,324.44,330.5,36.19,22.44,62.38,125.94,121.88,106.94,27.56,128.5,16.31,330.06,7.69
WD50M,2004,326.06,321,52.19,341.31,349.19,57.06,115.44,120.31,60.38,38.12,332.38,341.94,10.69
WD50M,2005,326.19,334.75,14.56,357.56,83.69,109.25,109.69,106.31,52.06,101.88,22.25,341.31,33.12
WD50M,2006,351.19,318.81,338.56,56.06,125.31,119.75,108.94,91.19,88,109.06,49.88,354.44,63
WD50M,2007,351.62,325.38,329.38,65.38,2.62,104.94,130.31,109.5,89.62,31.75,347,339.44,24.56
WD50M,2008,353.69,124.56,322.75,335.56,67.31,89.75,127.06,116.69,70.62,98.31,315,326,43.69
WD50M,2009,328.31,311.19,334.06,323.25,101.88,68.88,113.25,133,65.31,347.06,334.88,326.25,5.69
WD50M,2010,314.31,300.56,353.06,34.38,358.06,83.44,118.94,112.88,183.25,12.25,310.62,337.5,9.19
WD50M,2011,2.38,324.19,44.44,93.88,88.06,101.94,95.94,127.19,93.5,82.69,24.62,340.25,42.56
WD50M,2012,337.38,326.75,51.38,331.5,51.44,115.06,138.25,124.12,92.88,53.75,43.5,334.44,18.75
WD50M,2013,305.5,322,315.88,62.88,351.81,91.12,122.75,131.5,93.25,112.44,325,15.12,5.75
WD50M,2014,327.81,328.75,344.31,344.31,92,102.88,105.75,118.25,39.19,31.56,142.25,320.81,22.88
WD50M,2015,315.31,320,352.56,119.38,109.19,105,125.5,129.44,100.06,344,341.44,84.06,39.94
WD50M,2016,331.44,316.25,325,36.44,337.81,58.44,112.06,129.25,47.75,73.25,1.5,53.62,18.81
WD50M,2017,323.62,13.5,7,71.81,117.75,110.06,128.81,124.81,114.19,75.81,333.06,332.38,49.12
WD50M,2018,347.12,325.19,304.31,51.44,26.56,65.62,120.88,67.75,127.69,334.88,351.25,328.06,357.19
WD50M,2019,322.12,336.69,31.56,350.25,7.44,130.25,117.25,117.12,70.5,9.81,313,355.5,12.19
WD50M,2020,51.75,345,15.5,36,86.31,8.31,110.38,143.12,15.56,347.44,18.31,324.25,33.75
WD50M,2021,323.44,95.56,47.25,62.06,99.62,116.88,129.44,135.81,107.88,9.06,311.06,318.75,69.75
WD50M,2022,330.38,3.75,91.06,26.12,336.06,124.44,127.31,115.38,94.75,104.5,329.06,324.06,71.5
WS10M,1981,5.05,4.01,3.94,4.47,4.59,3.82,3.56,3.08,2.81,2.64,2.84,4.19,3.75
WS10M,1982,4.3,3.61,4.09,3.8,3.59,3.86,3.44,3.58,3.4,4.32,4.02,3.83,3.82
WS10M,1983,3.09,3.2,4.31,3.95,4.32,4.05,3.69,3.99,2.82,2.96,3.64,4.01,3.67
WS10M,1984,3.91,4.95,4.06,4.27,5.63,3.8,3.35,3.23,3.78,3.4,3.23,4.54,4.01
WS10M,1985,3.94,3.34,4.12,4.42,4.27,3.66,3.34,3.16,2.51,2.62,3.64,3.2,3.52
WS10M,1986,4.27,4.2,3.73,4.69,3.24,3.21,3.2,2.98,3.02,3.52,3.46,3.66,3.59
WS10M,1987,3.73,4.77,3.79,3.82,3.95,3.88,4.16,3.48,2.8,3.62,3.54,2.61,3.67
WS10M,1988,3.96,3.63,4.55,4.12,4.63,3.93,3.39,3.43,3.05,2.94,2.75,3.96,3.7
WS10M,1989,3.06,3.42,4.12,5.09,4.16,3.34,3.51,3.55,3.64,2.94,3.1,2.87,3.56
WS10M,1990,3.52,3.27,3.07,4.37,3.72,3.38,3.45,3.29,3.16,3.59,4.02,3.77,3.55
WS10M,1991,3.04,3.8,4.49,3.96,4.03,3.24,3.66,3.11,2.91,3.66,3.33,3.28,3.54
WS10M,1992,2.49,2.95,3.81,4.84,3.71,4.7,3.53,3.07,2.97,3.73,3.88,3.48,3.59
WS10M,1993,2.88,4.14,3.55,4.36,4.36,3.66,3.7,3.05,4.01,3.84,3.09,3.34,3.66
WS10M,1994,4.16,4.22,3.03,4.62,4.05,3.64,3.04,3.36,3.52,3.16,2.91,3.23,3.57
WS10M,1995,4.44,3.83,3.95,3.7,3.87,3.66,3.62,3.38,3.35,2.36,3.73,3.09,3.58
WS10M,1996,3.67,4.8,3.66,4.19,3.88,3.66,3.52,3.63,4.05,3.71,3.21,3.38,3.77
WS10M,1997,3.3,2.9,2.88,4.05,3.84,4.16,4.08,3.01,2.66,3.27,3.73,3.8,3.48
WS10M,1998,3.53,3.11,3.6,4.62,4.47,3.56,3.39,3.57,4.11,3.59,3.78,3.45,3.73
WS10M,1999,3.49,4.11,3.7,4.11,3.7,3.45,3.55,3.32,3.32,2.96,3.66,3.63,3.58
WS10M,2000,2.62,3.26,3.29,4.98,3.66,3.62,3.75,3.16,3.27,3.88,3.43,3.3,3.52
WS10M,2001,3.92,3.64,4.02,4.03,3.99,3.28,3.83,3.05,3.36,2.74,3.2,2.78,3.48
WS10M,2002,2.59,3.34,3.9,4.41,4.62,3.78,3.86,3.47,3.59,3.02,4.66,3.97,3.77
WS10M,2003,4.7,4,2.89,4.66,3.96,2.98,3.19,2.85,3.48,3.14,3.42,4.65,3.66
WS10M,2004,3.91,2.95,4.12,4.47,4.11,3.27,3.22,2.96,3.13,2.8,3.27,3.82,3.51
WS10M,2005,3.67,4.06,3.81,4.53,3.62,3.28,3.38,3.2,3.04,2.52,3.26,3.01,3.45
WS10M,2006,3.5,3.41,4.27,3.99,3.46,4.06,3.44,3.21,3.36,3.01,2.86,3.31,3.49
WS10M,2007,2.46,4.12,4.56,4.34,4.45,4.35,3.27,3.55,3.23,3.98,3.42,3.77,3.79
WS10M,2008,2.78,2.66,4.34,4.44,4.79,3.81,3.64,3.34,3.77,3.46,3.79,3.34,3.69
WS10M,2009,4.2,3.87,3.89,4.77,4.02,3.45,3.33,3.8,3.95,3.14,3.26,3.52,3.76
WS10M,2010,4.05,4.15,4.25,3.75,4.47,4.25,3.54,3.73,3.5,4.02,3.92,3.81,3.95
WS10M,2011,3.12,4.42,4.32,3.77,3.73,3.55,4.19,3.35,3.4,2.96,3.73,3.59,3.67
WS10M,2012,3.88,4.38,3.88,5.07,3.98,3.6,3.87,3.34,3.51,3.52,3.33,3.38,3.8
WS10M,2013,4.2,4.81,5.06,3.97,4.71,4.31,3.57,3.19,3.59,3.11,4.44,2.72,3.97
WS10M,2014,3.85,3.96,4.53,3.92,3.83,4.05,3.7,3.39,3.74,3.28,3.72,4.31,3.86
WS10M,2015,4.23,5.01,4.49,3.49,4.37,3.84,3.23,3.64,3.27,3.7,2.84,1.83,3.66
WS10M,2016,3.09,3.8,4.66,4.05,4.73,3.66,3.33,3.01,3.08,2.91,3.03,2.78,3.51
WS10M,2017,3.95,3.85,4.23,3.14,3.68,3.76,3.57,3.43,3.3,2.55,3.76,3.42,3.55
WS10M,2018,3.9,3.76,5.02,4.45,4.33,4.05,3.44,2.98,3.02,3.88,3.74,2.88,3.79
WS10M,2019,4.76,3.78,3.17,4.26,4.22,4.38,4.11,3.39,3.17,3.38,4.08,4.01,3.89
WS10M,2020,2.83,2.73,4.88,3.84,3.88,4.13,3.45,3.48,3.26,3.34,3.23,3.73,3.57
WS10M,2021,3.76,3.7,3.62,4.41,3.92,4.66,3.83,3.74,3.79,3.04,3.48,3.36,3.77
WS10M,2022,3.32,3.38,4.45,4.65,4.36,4.02,3.48,3.46,3.43,2.66,4.12,2.88,3.68
WS50M,1981,7.41,5.85,5.65,6.24,6.25,5.2,4.97,4.28,3.91,3.73,4.12,6.32,5.33
WS50M,1982,6.34,5.2,5.86,5.38,5.05,5.32,4.9,5.01,4.75,6.11,5.9,5.76,5.47
WS50M,1983,4.52,4.77,6.05,5.67,5.89,5.53,5.11,5.6,3.95,4.22,5.48,5.98,5.24
WS50M,1984,5.73,7.11,5.94,5.91,7.5,5.23,4.64,4.54,5.23,4.73,4.87,6.34,5.64
WS50M,1985,5.79,5,5.95,6.19,5.95,5.06,4.6,4.3,3.48,3.8,5.38,4.82,5.03
WS50M,1986,6.47,6.43,5.33,6.43,4.5,4.38,4.36,4.19,4.15,5.02,5.1,5.41,5.14
WS50M,1987,5.54,7.02,5.44,5.34,5.43,5.23,5.73,4.77,3.9,5.24,5.1,3.98,5.22
WS50M,1988,6.02,5.27,6.46,5.8,6.3,5.37,4.6,4.71,4.19,4.2,4.16,5.8,5.24
WS50M,1989,4.48,4.95,5.8,6.95,5.68,4.7,4.74,4.88,5.11,4.16,4.64,4.41,5.04
WS50M,1990,5.41,4.77,4.47,6.16,5.12,4.74,4.73,4.59,4.52,5.14,5.85,5.62,5.09
WS50M,1991,4.46,5.64,6.61,5.59,5.59,4.63,5.04,4.29,4.19,5.16,4.87,4.86,5.08
WS50M,1992,3.7,4.32,5.53,6.81,5.21,6.32,4.78,4.2,4.16,5.38,5.57,5.12,5.09
WS50M,1993,4.24,5.97,5.22,6.02,6.2,5.03,5.11,4.28,5.57,5.5,4.64,4.98,5.22
WS50M,1994,6.27,6.16,4.49,6.43,5.65,5.05,4.26,4.76,5.02,4.62,4.26,4.87,5.14
WS50M,1995,6.45,5.7,5.67,5.19,5.27,5.07,5.01,4.73,4.64,3.39,5.55,4.61,5.1
WS50M,1996,5.51,6.88,5.41,5.92,5.4,4.99,4.84,5.16,5.59,5.29,4.8,5.17,5.41
WS50M,1997,5.08,4.28,4.23,5.64,5.39,5.76,5.64,4.22,3.79,4.62,5.5,5.7,4.99
WS50M,1998,5.2,4.57,5.12,6.48,6.1,5.02,4.72,4.92,5.8,5.05,5.41,5.15,5.3
WS50M,1999,5.17,6.12,5.38,5.86,5.16,4.83,4.89,4.83,4.67,4.31,5.37,5.34,5.16
WS50M,2000,3.91,4.77,4.82,7.09,5.06,4.98,5.13,4.42,4.59,5.44,5.04,4.99,5.02
WS50M,2001,5.82,5.3,5.89,5.69,5.54,4.62,5.41,4.43,4.77,4.05,4.83,4.08,5.03
WS50M,2002,3.73,4.87,5.66,6.22,6.27,5.19,5.32,4.88,5.16,4.39,6.73,5.88,5.36
WS50M,2003,6.76,5.87,4.18,6.47,5.45,4.09,4.44,4.03,4.82,4.47,5.18,6.73,5.2
WS50M,2004,5.7,4.35,5.95,6.2,5.63,4.6,4.41,4.12,4.35,4.04,4.68,5.71,4.98
WS50M,2005,5.36,5.97,5.59,6.43,5.05,4.55,4.74,4.56,4.28,3.59,4.77,4.41,4.93
WS50M,2006,5.25,5.01,6.13,5.71,4.82,5.77,4.78,4.52,4.7,4.41,4.22,4.88,5.02
WS50M,2007,3.68,6.08,6.3,6.18,6.11,6.12,4.58,4.97,4.67,5.76,5.03,5.52,5.41
WS50M,2008,4.15,3.88,6.05,6.2,6.49,5.17,5.09,4.65,5.24,4.91,5.56,4.91,5.2
WS50M,2009,6.27,5.9,5.63,6.72,5.64,4.82,4.64,5.38,5.41,4.51,4.79,5.34,5.41
WS50M,2010,6.23,6.27,6.21,5.41,6.13,5.88,4.98,5.17,4.88,5.63,5.83,5.65,5.69
WS50M,2011,4.67,6.35,6.2,5.24,5.23,4.95,5.7,4.71,4.87,4.27,5.47,5.44,5.25
WS50M,2012,5.73,6.2,5.65,7.06,5.52,4.95,5.38,4.87,5.05,5.07,4.89,5.09,5.45
WS50M,2013,6.3,6.88,7.2,5.51,6.38,5.95,4.91,4.58,5.16,4.62,6.44,3.99,5.65
WS50M,2014,5.83,5.91,6.41,5.53,5.38,5.48,5.16,4.83,5.3,4.76,5.48,6.23,5.52
WS50M,2015,6.08,7.12,6.4,4.91,5.95,5.23,4.52,5.05,4.59,5.28,4.12,2.59,5.14
WS50M,2016,4.58,5.75,6.7,5.71,6.42,5,4.63,4.2,4.38,4.22,4.35,4.09,5
WS50M,2017,5.84,5.65,6.02,4.38,5.04,5.04,4.99,4.76,4.48,3.68,5.31,5.16,5.02
WS50M,2018,5.88,5.48,7.17,6.11,5.84,5.55,4.91,4.09,4.23,5.41,5.41,4.25,5.36
WS50M,2019,6.99,5.42,4.61,6.06,5.7,6.14,5.68,4.7,4.53,4.7,5.87,5.96,5.53
WS50M,2020,4.14,4.02,6.87,5.34,5.33,5.59,4.71,4.9,4.54,4.8,4.66,5.62,5.05
WS50M,2021,5.77,5.56,5.18,6.2,5.44,6.32,5.3,5.34,5.35,4.37,4.98,5.08,5.41
WS50M,2022,4.79,4.91,6.3,6.47,6.01,5.69,4.8,4.76,4.82,3.86,5.99,4.34,5.23
T2MWET,1981,4.64,6.64,12.25,13.12,15.28,20.77,20.98,20.37,20.02,15.54,10.14,8.3,14.05
T2MWET,1982,7.1,8.42,8.92,12.4,16.51,20.65,21.03,21.23,20.14,15.05,11.15,6.35,14.1
T2MWET,1983,5.01,6.22,9.37,12.76,15.54,19.2,20.39,21.46,19.01,15.47,12.4,6.66,13.66
T2MWET,1984,6.51,6.1,8.43,12.44,13.39,17.87,19.14,20.87,18.44,14.76,10.93,7.56,13.05
T2MWET,1985,4.8,9.01,8.56,12.33,15.53,19.9,20.4,20.26,18.84,15.43,11.55,7.55,13.69
T2MWET,1986,5.97,7.07,9.27,10.94,17.05,19.34,20.39,20.94,19.65,16.97,10.62,7.29,13.83
T2MWET,1987,4.58,7.33,9.57,12.36,15.48,19.82,21.64,21.76,19.62,15.62,10.12,8.94,13.94
T2MWET,1988,7.06,7.18,8.83,12.76,16.43,20.55,22,21.87,18.42,16.15,11.81,7.19,14.21
T2MWET,1989,6.08,6.81,9.72,11.63,14.98,19.2,21.21,22.81,20.36,16.73,11.27,9.46,14.23
T2MWET,1990,7.85,9.01,10.87,12.99,17.28,20.94,21.76,22.77,21.23,16.33,11.82,6.06,14.94
T2MWET,1991,6.26,6.1,10.46,11.33,13.48,19.87,21.61,21.9,21.07,16.08,9.58,6.62,13.74
T2MWET,1992,5.79,7.11,9.9,11.56,16.02,17.59,21.49,21.39,19.73,14.23,11.51,7.59,13.68
T2MWET,1993,5.27,7.1,8.61,11.65,15.55,21.05,21.01,20.91,18.52,14.48,11.4,7.58,13.62
T2MWET,1994,7.37,6.32,10.35,10.31,15.68,19.1,20.75,21.48,20.37,17.26,12.76,8.12,14.2
T2MWET,1995,6.35,9.47,9.05,10.44,15.23,19.51,21.87,21.71,19.34,16.12,10.38,9.4,14.1
T2MWET,1996,8.32,6.9,10.09,12.58,16.17,19.74,21.17,22.19,18.75,13.28,10.01,7.56,13.92
T2MWET,1997,7.3,8.05,8.49,11.95,16.13,19.9,21.26,22.15,20.62,16.76,11.48,7.73,14.35
T2MWET,1998,6.96,8.36,8.82,12.59,16.12,19.37,20.55,22.41,20.79,14.19,9.96,5.83,13.85
T2MWET,1999,6.58,5.97,9.7,12.22,17.88,21.15,21.75,22.73,21.15,16.57,10.24,7.04,14.47
T2MWET,2000,4.37,6.8,9.45,11.9,18.59,19.55,20.82,20.16,19,14.7,10.4,7.49,13.62
T2MWET,2001,5.89,5.51,10.87,11.3,15.79,18.56,20.77,22.26,21.41,18.05,11.08,6.25,14.03
T2MWET,2002,5.38,6.87,9.19,11.26,14.99,18.36,21.62,22.07,19.15,14.73,10.73,8.3,13.59
T2MWET,2003,6.75,5.9,9.42,13.1,16.4,20.55,22.05,21.73,20.32,17.67,11.19,6.79,14.37
T2MWET,2004,7.23,8.03,10.33,12.62,15.22,19.97,21.33,23.22,19.13,15.75,10.51,7.67,14.27
T2MWET,2005,4.44,4.87,9.96,12.71,16.71,20.77,22.33,21.62,20.17,17.45,10.57,6.5,14.06
T2MWET,2006,4.8,6.74,10.19,14.12,18.76,18.05,22.29,22.05,18.88,15.93,11.44,8.62,14.37
T2MWET,2007,7.42,8.65,8.97,13.48,16.3,19.48,20.58,22.01,20.93,16.12,9.05,6.96,14.19
T2MWET,2008,6.37,7.07,9.18,11.55,16.37,19.13,21.73,22.51,19.59,17.01,9.52,6.72,13.92
T2MWET,2009,7.62,6.4,9.28,11.22,15.9,20.05,22.97,22.3,20.44,15.24,9.82,8.27,14.18
T2MWET,2010,7.23,8.42,9.79,14.42,14.9,20.05,22.2,22.71,20.07,14.36,10.65,6.3,14.28
T2MWET,2011,6.62,6.63,9.57,13.98,16.75,20.01,22.86,22.02,20.7,16.02,11.67,8.06,14.62
T2MWET,2012,6.26,4.09,8.98,12.62,16.36,21.32,22.05,21.89,18.87,16.25,12.62,7.13,14.07
T2MWET,2013,6.82,5.45,10.65,12.65,16.12,18.2,22.23,21.05,20.33,17.32,10.33,7.46,14.11
T2MWET,2014,6.62,7.63,9.3,12.84,16.03,19.19,21.25,22.35,21.01,15.61,11.44,7.47,14.26
T2MWET,2015,6.13,5.96,9.06,12.53,15.74,19.44,21.04,23.54,20.32,16.83,11.56,7.33,14.17
T2MWET,2016,6.86,7.43,7.91,13.6,15.77,19.68,21.34,21.49,20.32,17.51,11.06,9.26,14.37
T2MWET,2017,5.03,7.87,9.3,13.01,18.32,20.7,21.24,21.88,19.3,15.45,9.02,6.47,14
T2MWET,2018,6.97,6.08,9.73,12.93,16.81,19.42,22.37,22.9,20.97,15.34,10.33,8.02,14.37
T2MWET,2019,6,5.75,8.51,12.67,15.41,19.9,22.23,23.43,21.65,16.51,9.96,8.78,14.29
T2MWET,2020,6.39,8.12,10.62,14.71,17.19,20.06,22.31,22.26,21.05,13.83,12.24,7.89,14.73
T2MWET,2021,6.76,7.86,8.63,12.9,18.12,21.22,22.04,22.43,21.33,15.6,10.75,7.54,14.63
T2MWET,2022,5.12,7.35,9.77,12.25,16.18,20.19,22.68,23.15,21.41,16.54,11.18,10.21,14.71
T2M_MAX,1981,21.29,21.65,34.07,33.05,38.64,43.87,45.33,44.12,38.58,35.01,25.89,24.07,45.33
T2M_MAX,1982,22.91,23.4,29.33,32.4,35.45,45.87,45.94,44.74,39.17,34.49,25.06,19.87,45.94
T2M_MAX,1983,22.48,23.74,29.36,34.24,37.56,43.65,44.58,45.08,41.3,33.55,26.33,23.26,45.08
T2M_MAX,1984,22.35,22.93,28.34,36.83,37.1,43.85,44.17,42.38,39.18,37.15,25.36,20.95,44.17
T2M_MAX,1985,19.13,26.73,25.98,36.47,37.49,44.65,45.36,45.33,39.63,33.69,29.37,19.52,45.36
T2M_MAX,1986,20.83,26.12,25.8,29.62,40.83,42.48,43.58,44.23,40.41,33.34,26.15,19.71,44.23
T2M_MAX,1987,19.54,26.14,27.87,36.55,37.18,45.48,45.32,47,41.76,34.22,28.87,23.51,47
T2M_MAX,1988,23.52,22.96,32.11,33.51,40.3,41.17,46.81,44.94,41.65,33.26,28.86,21.57,46.81
T2M_MAX,1989,18.93,24.96,28.69,31.44,38.91,40.98,43.41,45.91,40.48,31.7,27.48,23.25,45.91
T2M_MAX,1990,20.06,28.73,28.55,30.93,38.4,41.4,43.45,41.07,42,34.9,29.41,19.44,43.45
T2M_MAX,1991,19.37,21.39,27.98,30.43,33.43,42.17,47.08,44.02,38.88,32.78,26.08,23.14,47.08
T2M_MAX,1992,17.1,23.27,27.79,33.28,38.31,41.09,43.13,42.69,39.19,33.46,26.39,23.3,43.13
T2M_MAX,1993,18.25,20.86,26.8,31.29,40.32,45.93,46.9,45.29,39.64,35.94,27.38,20.26,46.9
T2M_MAX,1994,21.53,26.38,28.82,32.26,44.08,44.63,46.06,45.61,42.42,32.07,26.27,22.71,46.06
T2M_MAX,1995,22.99,26.65,27.82,29.96,39.1,44.65,43.13,45.4,40.58,32.28,29.48,24.61,45.4
T2M_MAX,1996,24.77,21.17,30.33,31.9,36.83,39.51,47.3,45.05,38.08,33.58,24.54,21.4,47.3
T2M_MAX,1997,20.71,25.37,27.77,30.51,39.14,46.35,47.33,44.35,39.73,33.08,26.94,20.3,47.33
T2M_MAX,1998,20.57,23.98,29.22,32.22,35.45,44.95,46.25,45.61,43.89,33.62,27.61,21.63,46.25
T2M_MAX,1999,20.64,22.42,26.95,36.19,40.6,43.68,45.96,47.04,41.99,35.45,28.6,20.57,47.04
T2M_MAX,2000,18.82,23.04,28.2,35.96,37.72,44.87,45.73,45.5,44.83,32.81,26.41,21.08,45.73
T2M_MAX,2001,22.63,22.04,34.75,34.48,41.37,42.81,47.69,46.39,40.66,39.01,29.58,22.87,47.69
T2M_MAX,2002,21.62,25.6,31.13,35.74,40.45,46.62,45.97,45.19,39.8,35.22,26.88,21.99,46.62
T2M_MAX,2003,22.58,22.04,25.32,37.76,36.98,45.8,48.01,45.09,42.65,38.2,25.3,21.93,48.01
T2M_MAX,2004,22.07,23.98,26.76,30.6,35.14,41.07,42.88,44.61,39.72,36.21,25.93,20.23,44.61
T2M_MAX,2005,21.55,21.87,32.05,34.47,39.83,42.56,45.9,46.15,39.62,33.7,29.15,19.9,46.15
T2M_MAX,2006,17.98,20.08,29.66,35.01,42.1,45.58,45.03,44.31,38.73,39.01,31.55,21.05,45.58
T2M_MAX,2007,22.06,24.99,29.43,30.05,39.97,46.33,44.9,47.18,39.34,36.53,24.34,21.81,47.18
T2M_MAX,2008,21.28,24.96,31.66,38.43,40.08,44.75,48.08,44.96,42.28,31.36,25.22,20.78,48.08
T2M_MAX,2009,20.98,21.48,26.98,31.99,38.43,40.94,45.95,47.22,44.05,32.97,28.66,24.91,47.22
T2M_MAX,2010,21.68,32.55,31.5,33.67,35.47,46.15,47.27,44.52,40.87,37.58,28.45,24.16,47.27
T2M_MAX,2011,20.63,22.36,29.43,35.19,37.68,43.27,46.42,48.08,41.59,31.75,26.67,21.05,48.08
T2M_MAX,2012,21.04,21.09,28.37,33.77,40.45,45.16,48.45,46.99,42.58,37.76,32.01,22.3,48.45
T2M_MAX,2013,24.01,23.9,30.42,35.41,37.59,41.43,45.21,41.86,40.72,38.29,30.75,19.07,45.21
T2M_MAX,2014,21.94,25.97,26.32,34.08,41.35,44.16,47.23,45.39,42.75,36.91,26.98,21.5,47.23
T2M_MAX,2015,24.5,20.19,29.51,36.62,42.58,41.26,46.06,47.19,41.95,38.88,27.69,21.13,47.19
T2M_MAX,2016,25.36,27.14,31.98,35.84,46.25,46.05,45.45,44.41,40.57,36.96,29.43,21.55,46.25
T2M_MAX,2017,19.05,25.49,31.76,36.05,39.27,45.73,48.33,46.9,41.66,32.12,31.24,21.23,48.33
T2M_MAX,2018,25.13,28.05,32.57,34.19,38.23,46.54,47.5,43.41,43.36,32,25.25,23.63,47.5
T2M_MAX,2019,19.66,23.81,28.76,32.95,36.94,45.72,49.7,47.8,41.22,34.9,28.42,23.93,49.7
T2M_MAX,2020,22.12,29.44,29.12,33.69,40.1,43.47,47.38,48.19,40.19,37.08,29.15,23.58,48.19
T2M_MAX,2021,26.47,27.19,27.67,38.73,42.35,47.98,50.85,49.06,42.05,34.68,32.45,24.54,50.85
T2M_MAX,2022,21.82,25.16,26.73,33.23,42.18,48.14,49.35,47.4,45.88,34.76,29.15,28.22,49.35
T2M_MIN,1981,-0.29,0.96,4.95,8.18,11.09,19.35,19.97,19.1,13.51,9.24,6.81,2.11,-0.29
T2M_MIN,1982,1.82,3.42,2.3,7.64,8.81,19.3,24.62,22.49,19.07,10.43,4.26,1.8,1.8
T2M_MIN,1983,1.1,-0.2,3.76,7.52,11.83,17.37,23.62,22.98,17.73,13.3,9.37,1.71,-0.2
T2M_MIN,1984,1.58,1.86,3.48,9.33,12.49,14.74,21.69,23.42,15.8,12.62,7.6,4.08,1.58
T2M_MIN,1985,-0.08,4.12,4.44,8.4,9.71,21.5,23.45,20.98,18.39,13.01,4.67,4.42,-0.08
T2M_MIN,1986,1.85,-0.07,4.12,7.85,11.15,16.96,18.65,23.68,20.1,10.4,7.64,2.08,-0.07
T2M_MIN,1987,0.01,2.65,4.11,7.25,10.57,18.34,23.12,26.01,21.74,13.32,4.47,4.58,0.01
T2M_MIN,1988,4.37,3.26,4.21,8.72,13.23,18.37,25.3,23.05,15.42,12.61,4.88,2.57,2.57
T2M_MIN,1989,2.5,2.69,7.32,7.43,8.37,12.86,23.16,25.01,18.89,13.01,8.28,6.19,2.5
T2M_MIN,1990,3.98,3.58,7.58,8.05,12.71,16.31,22.25,23.37,19.61,15.1,4.11,2.61,2.61
T2M_MIN,1991,1.46,1.54,6.31,6.41,8.12,18.69,20.32,22.55,18.12,8.84,4.58,1.51,1.46
T2M_MIN,1992,1.38,3.44,3.92,6.33,9.71,14.54,20.05,22.57,19.83,11.7,7.46,3.43,1.38
T2M_MIN,1993,2.01,2.82,0.72,6.61,11.36,22.69,23.37,23.43,14.4,11.56,5.91,4.08,0.72
T2M_MIN,1994,2.77,0.15,6.96,6.3,12.59,19.08,23.75,25.48,17.34,11.03,8.26,2.48,0.15
T2M_MIN,1995,-0.28,4.22,3.69,3.94,12.07,16.05,23.64,22.03,15.11,13.25,7,5.61,-0.28
T2M_MIN,1996,2.57,-0.38,2.93,6.96,11.76,16.33,20.24,21.08,13.94,11.56,4.93,0.74,-0.38
T2M_MIN,1997,2.68,3.94,5.72,6.87,10.82,20.35,22.48,24.51,16.7,8.85,5.89,3.02,2.68
T2M_MIN,1998,0.96,3.18,3.88,9.62,9.46,16.44,22.68,22.4,20.5,11.25,3.04,2.32,0.96
T2M_MIN,1999,0.74,-0.42,4.73,7.47,13.48,21.08,22.6,25.19,20.23,14.96,1.35,1.37,-0.42
T2M_MIN,2000,1.17,2.69,2.3,8.81,13.84,16.23,23.69,23.58,16.98,10.61,5.75,3.3,1.17
T2M_MIN,2001,0.12,1.59,2.56,7.63,11.55,19.46,22.61,23.38,19.5,15.44,6.81,-0.16,-0.16
T2M_MIN,2002,-0.17,3.9,7.22,8.67,13.18,16.23,20.92,19.87,14.35,12.69,6.26,4.41,-0.17
T2M_MIN,2003,-0.8,0.44,3.42,8.4,14.6,20.57,25.62,22.92,17.26,11.87,6.42,-0.18,-0.8
T2M_MIN,2004,2.07,2.34,3.27,8.29,10.83,15.48,22.25,24.15,14.67,14.46,5.71,-0.65,-0.65
T2M_MIN,2005,-3.6,0.01,1.4,5.34,11.29,16.17,24.7,20.85,18.54,14.9,2.54,1.88,-3.6
T2M_MIN,2006,0.2,1.74,3.48,10.73,14.62,11.45,25.1,20.73,15.33,15.53,8.44,3.52,0.2
T2M_MIN,2007,3.06,5.34,1.25,7.55,12.19,15.18,22.94,23,17.77,9.98,3.94,1.15,1.15
T2M_MIN,2008,2.22,2.41,1.48,6.36,13.55,16.96,25.28,24.16,17,9.62,3.44,0.34,0.34
T2M_MIN,2009,2.87,1.01,2.03,5.71,10.56,20.04,25.05,24.43,16.98,11.53,5.62,2.15,1.01
T2M_MIN,2010,-0.05,1.18,4.98,9.98,10.16,19.39,23.62,25.39,17.23,9.22,5.16,-0.07,-0.07
T2M_MIN,2011,0.96,2.23,3.91,9.68,14.32,17.3,23.83,24.52,19.85,12.88,7.03,2.72,0.96
T2M_MIN,2012,2.3,-0.54,4.14,5.94,12.83,22.31,20.33,25.29,16.8,7.96,2.92,2.73,-0.54
T2M_MIN,2013,0.8,0.53,4.6,7.03,13.59,15.34,22.25,21.85,18.42,15.04,3.98,3.1,0.53
T2M_MIN,2014,1.89,2.65,5.37,8.87,12.28,16.04,23.53,24.98,20.29,13.05,8.41,2.48,1.89
T2M_MIN,2015,1.51,0.51,4.3,6.94,12.45,19.85,22.57,24.69,17.2,12.52,5.56,4.61,0.51
T2M_MIN,2016,2.48,3.08,3.55,9.94,9.87,18.07,21.99,23.58,17.33,14.1,7.46,4.4,2.48
T2M_MIN,2017,0.4,1.98,6.48,9.04,16.99,17.5,21.45,24.83,17.15,12.4,5.07,0.88,0.4
T2M_MIN,2018,2.13,0.82,2.98,6.54,8.98,17.77,26.16,23.16,16.15,6.31,5.34,3.76,0.82
T2M_MIN,2019,1.47,3.15,6.23,6.83,11.87,16.61,24.52,23.92,21.25,13.72,4.59,4.1,1.47
T2M_MIN,2020,3.19,3.91,3.35,9.31,15.83,19.29,21.33,25.18,17.39,10.8,6.91,-1.02,-1.02
T2M_MIN,2021,-1.39,2.92,5.42,8.72,13.15,22.57,25.62,26.22,22.29,13.45,4.47,2.79,-1.39
T2M_MIN,2022,1.52,3.33,3.93,6.97,11.55,19.91,25.48,26.12,16.53,14.26,6.97,6.23,1.52
WS10M_MAX,1981,12.05,12.55,12.63,12.31,12.35,10.1,9.02,13.1,10.53,10.07,9.2,11.17,13.1
WS10M_MAX,1982,10.72,13.13,13.34,11.8,8.59,12.61,8.34,9.73,12.28,12.61,11.6,11.71,13.34
WS10M_MAX,1983,8.38,10.43,14.53,13.31,15.47,11.52,11.84,10.11,9.73,10.47,10.96,11.09,15.47
WS10M_MAX,1984,12.95,16.8,10.81,11.81,16.35,9.81,7.78,9.97,12.8,12.16,10.23,13.93,16.8
WS10M_MAX,1985,13.22,12.15,14.92,13.3,13.2,10.62,8.15,12.63,8.34,7.05,11.8,7.63,14.92
WS10M_MAX,1986,11.12,13.59,11.45,11.84,8.95,9.24,10.27,8.66,9.56,9.2,10.91,11.55,13.59
WS10M_MAX,1987,14.24,14.48,13.27,11.12,10.67,14.3,10.23,8.86,13,12.19,10.3,9,14.48
WS10M_MAX,1988,13.27,12.88,12.3,10.05,14.93,14.55,10.45,11.21,9.43,10.02,7.53,12.02,14.93
WS10M_MAX,1989,9.67,15.44,11.81,16.09,11.93,13.42,13.27,9.81,12.56,8.96,9.73,8.35,16.09
WS10M_MAX,1990,10.1,11.62,9.2,13.58,12.16,11.67,10.12,8,10.72,9.06,12.84,12.72,13.58
WS10M_MAX,1991,11.5,13.34,15.25,13.09,13.41,10.58,11.63,10.45,9.33,12.47,9.27,12.52,15.25
WS10M_MAX,1992,7.41,10.73,13.67,12.78,15.48,14.25,9.9,8.56,8.67,14.44,10.62,10.7,15.48
WS10M_MAX,1993,8.3,12.53,13.62,15.06,12.99,10.98,9.85,8.37,13.52,11.16,11.63,10.16,15.06
WS10M_MAX,1994,12.38,12.53,8.44,14.62,15.06,9.24,8.52,9.19,9.42,9.78,8.17,11.23,15.06
WS10M_MAX,1995,10.54,10.88,14.02,11.99,12.17,10.53,10.2,10.81,12.47,6.61,10.95,7.47,14.02
WS10M_MAX,1996,13.62,17.09,13.63,12.95,12.32,10.41,12.29,9.49,12.3,10.56,9.12,10.52,17.09
WS10M_MAX,1997,10.02,10.73,8.64,15.09,10.97,12.8,10.94,9.27,9.61,10.4,13.23,10.71,15.09
WS10M_MAX,1998,10.38,10.25,12.61,14.02,12.98,8.41,9.66,10.65,10.42,13.93,11.89,12.65,14.02
WS10M_MAX,1999,10.65,12.8,10.28,12.95,11.44,9.16,9.65,8.62,10.98,9.07,11.89,9.62,12.95
WS10M_MAX,2000,7.14,11.03,10.76,18.99,9.94,11.01,9.55,8.38,13.19,15.16,11.58,14.41,18.99
WS10M_MAX,2001,13.2,10.82,12.17,12.16,11.76,11.18,12.87,9.17,10.62,10.86,9.74,11.74,13.2
WS10M_MAX,2002,9.77,10.41,11.29,14.01,13.48,13.04,12.79,9.19,10.7,9.91,14.85,12.89,14.85
WS10M_MAX,2003,13.42,13.7,9,16.55,12.26,7.96,9.62,9.76,10.09,8.98,10.24,16.88,16.88
WS10M_MAX,2004,14.8,8.22,12.23,10.89,13.95,9.45,8.27,10.07,10.6,8.74,13.91,13.02,14.8
WS10M_MAX,2005,13.12,15.78,10.2,14.64,11.45,9.24,10.94,8.43,7.95,8.63,8.91,11.74,15.78
WS10M_MAX,2006,9.22,14.83,13.57,12.59,11.61,11.66,15.39,11.03,9.94,9.11,9.12,11.57,15.39
WS10M_MAX,2007,6.76,15.12,13.7,14.43,12.78,11.89,7.83,9.4,8.53,11.38,8.76,9.65,15.12
WS10M_MAX,2008,9.29,8.22,16.12,14.99,15.33,11.32,9.68,11.38,11.33,12.57,10.81,13.52,16.12
WS10M_MAX,2009,12.88,12.26,14.53,14.94,13.19,12.97,13.58,12.03,9.99,9.7,10.07,14.37,14.94
WS10M_MAX,2010,15.69,10.02,13.68,10.93,13.85,13.69,12.15,9.15,10.95,10.8,10.62,11.22,15.69
WS10M_MAX,2011,10.72,13.6,12.24,10.96,12.27,11.05,11.48,12.5,9.65,9.55,14.14,11,14.14
WS10M_MAX,2012,14.84,13.5,11.14,10.65,14.87,10.88,8.59,10.38,12.06,11.33,11.34,9.06,14.87
WS10M_MAX,2013,15.66,12.84,13.43,15.61,15.2,10.42,10.16,12.39,9.48,6.44,11.07,9.88,15.66
WS10M_MAX,2014,10.5,13.61,13.55,13.18,9.7,12.06,9.99,8.86,10.12,14.88,10.73,14.02,14.88
WS10M_MAX,2015,12.36,13.3,12.58,12.98,13.47,10.13,8.14,11.74,8.97,9.77,11.86,4.85,13.47
WS10M_MAX,2016,12.59,11.45,13.48,13.88,13.7,10.88,9.75,12.64,9.62,9.74,12.05,8.52,13.88
WS10M_MAX,2017,11.09,11.95,11.77,11.84,9.95,12.16,10.38,11.09,13.57,8.02,13.91,8.89,13.91
WS10M_MAX,2018,10.7,10.37,14.59,12.92,15.62,10.02,9.56,10.04,8.43,12.86,11.87,12.5,15.62
WS10M_MAX,2019,15.45,12.58,11.71,14.88,11.45,13.59,10.77,8.17,12.18,12.3,14.34,11.32,15.45
WS10M_MAX,2020,10.52,8.31,12.67,13.05,13.9,14.49,9.68,10.88,13.8,10.8,10.75,10.98,14.49
WS10M_MAX,2021,10.31,12.16,10.68,13.52,13.15,11.51,9.32,10.66,10.45,8.93,11.38,11.2,13.52
WS10M_MAX,2022,14.68,10.56,13.14,12.88,13.49,10.53,9.6,12.44,10.5,8.65,11.81,8.48,14.68
WS10M_MIN,1981,0.19,0.21,0.08,0.17,0.4,0.17,0.16,0.09,0.12,0.07,0.05,0.11,0.05
WS10M_MIN,1982,0.16,0.13,0.1,0.16,0.17,0.17,0.14,0.09,0.03,0.25,0.34,0.16,0.03
WS10M_MIN,1983,0.07,0.29,0.17,0.34,0.32,0.04,0.16,0.05,0.17,0.09,0.04,0.41,0.04
WS10M_MIN,1984,0.09,0.08,0.12,0.19,0.49,0.16,0.18,0.18,0.05,0.02,0.15,0.37,0.02
WS10M_MIN,1985,0.14,0.23,0.05,0.07,0.32,0.2,0.12,0.12,0.02,0.12,0.27,0.24,0.02
WS10M_MIN,1986,0.16,0.15,0.05,0.27,0.34,0.19,0.1,0.27,0.11,0.2,0.01,0.09,0.01
WS10M_MIN,1987,0.27,0.12,0.14,0.14,0.32,0.3,0.05,0.22,0.26,0.27,0.12,0.05,0.05
WS10M_MIN,1988,0.28,0.21,0.13,0.23,0.17,0.31,0.16,0.15,0.03,0.05,0.05,0.33,0.03
WS10M_MIN,1989,0.17,0.08,0.16,0.43,0.2,0.16,0.11,0.18,0.25,0.12,0.09,0.22,0.08
WS10M_MIN,1990,0.12,0.13,0.23,0.2,0.22,0.46,0.05,0.16,0.16,0.15,0.2,0.12,0.05
WS10M_MIN,1991,0.08,0.36,0.11,0.16,0.17,0.19,0.08,0.05,0.13,0.15,0.05,0.1,0.05
WS10M_MIN,1992,0.09,0.05,0.27,0.31,0.12,0.21,0.11,0.18,0.01,0.23,0.19,0.15,0.01
WS10M_MIN,1993,0.05,0.15,0.09,0.49,0.3,0.21,0.14,0.03,0.25,0.2,0.09,0.23,0.03
WS10M_MIN,1994,0.12,0.13,0.07,0.29,0.19,0.04,0.07,0.02,0.16,0.15,0.1,0.22,0.02
WS10M_MIN,1995,0.27,0.34,0.14,0.2,0.2,0.16,0.23,0.33,0.25,0.05,0.12,0.05,0.05
WS10M_MIN,1996,0.13,0.17,0.17,0.23,0.18,0.17,0.09,0.18,0.21,0.14,0.29,0.18,0.09
WS10M_MIN,1997,0.15,0.09,0.04,0.13,0.12,0.23,0.25,0.15,0.11,0.11,0.05,0.12,0.04
WS10M_MIN,1998,0.12,0.11,0.12,0.32,0.28,0.04,0.08,0.12,0.17,0.16,0.24,0.11,0.04
WS10M_MIN,1999,0.3,0.45,0.07,0.06,0.1,0.16,0.12,0.21,0.26,0.09,0.06,0.16,0.06
WS10M_MIN,2000,0.08,0.09,0.12,0.1,0.36,0.28,0.02,0.2,0.06,0.03,0.12,0.15,0.02
WS10M_MIN,2001,0.24,0.26,0.09,0.18,0.11,0.05,0.02,0.06,0.23,0.06,0.12,0.02,0.02
WS10M_MIN,2002,0.07,0.19,0.32,0.21,0.27,0.24,0.12,0.08,0.03,0.04,0.12,0.28,0.03
WS10M_MIN,2003,0.16,0.12,0.06,0.16,0.14,0.14,0.06,0.16,0.05,0.08,0.43,0.12,0.05
WS10M_MIN,2004,0.05,0.12,0.29,0.27,0.08,0.05,0.15,0.23,0.21,0.04,0.26,0.08,0.04
WS10M_MIN,2005,0.12,0.43,0.27,0.26,0.12,0.13,0.17,0.04,0.09,0.23,0.11,0.07,0.04
WS10M_MIN,2006,0.2,0.2,0.38,0.09,0.14,0.12,0.18,0.09,0.18,0.16,0.07,0.22,0.07
WS10M_MIN,2007,0.26,0.16,0.09,0.09,0.23,0.02,0.11,0.2,0.13,0.28,0.09,0.11,0.02
WS10M_MIN,2008,0.13,0.12,0.07,0.09,0.05,0.25,0.08,0.48,0.41,0.2,0.2,0.09,0.05
WS10M_MIN,2009,0.04,0.12,0.12,0.2,0.28,0.17,0.15,0.2,0.17,0.12,0.1,0.2,0.04
WS10M_MIN,2010,0.16,0.12,0.27,0.09,0.16,0.31,0.1,0.21,0.13,0.27,0.21,0.12,0.09
WS10M_MIN,2011,0.13,0.32,0.27,0.06,0.17,0.16,0.21,0.13,0.02,0.23,0.2,0.2,0.02
WS10M_MIN,2012,0.06,0.3,0.23,0.26,0.13,0.1,0.2,0.05,0.33,0.21,0.09,0.13,0.05
WS10M_MIN,2013,0.17,0.41,0.2,0.12,0.2,0.34,0.49,0.03,0.31,0.16,0.13,0.12,0.03
WS10M_MIN,2014,0.1,0.15,0.14,0.2,0.14,0.11,0.12,0.13,0.18,0.06,0.4,0.26,0.06
WS10M_MIN,2015,0.1,0.2,0.19,0.13,0.27,0.22,0.13,0.15,0.09,0.21,0.09,0.16,0.09
WS10M_MIN,2016,0.09,0.05,0.1,0.07,0.2,0.09,0.09,0.09,0.11,0.15,0.2,0.12,0.05
WS10M_MIN,2017,0.3,0.1,0.41,0.04,0.31,0.23,0.05,0.15,0.26,0.12,0.11,0.19,0.04
WS10M_MIN,2018,0.2,0.09,0.12,0.31,0.56,0.17,0.12,0.04,0.12,0.29,0.23,0.09,0.04
WS10M_MIN,2019,0.21,0.06,0.14,0.1,0.12,0.38,0.24,0.02,0.16,0.11,0.09,0.14,0.02
WS10M_MIN,2020,0.09,0.11,0.4,0.27,0.13,0.23,0.1,0.06,0.15,0.12,0.13,0.18,0.06
WS10M_MIN,2021,0.27,0.13,0.25,0.18,0.22,0.23,0.23,0.18,0.16,0.12,0.12,0.16,0.12
WS10M_MIN,2022,0.2,0.19,0.09,0.27,0.27,0.04,0.18,0.08,0.27,0.07,0.21,0.12,0.04
PRECTOTCORR,1981,0,0,0,0,0,0,0,0,0,0,0,0,0
PRECTOTCORR,1982,0,0,0,5.27,0,0,0,0,0,0,0,0,0
PRECTOTCORR,1983,0,0,0,0,0,0,0,0,0,0,0,0,0
PRECTOTCORR,1984,0,0,0,0,0,0,0,0,0,0,0,0,0
PRECTOTCORR,1985,0,0,0,0,0,0,0,0,0,0,0,0,0
PRECTOTCORR,1986,0,0,0,0,0,0,0,0,0,0,0,0,0
PRECTOTCORR,1987,0,0,0,0,0,0,0,0,0,0,0,0,0
PRECTOTCORR,1988,0,0,0,0,0,0,0,0,0,0,0,0,0
PRECTOTCORR,1989,0,0,0,0,0,0,0,0,0,0,0,0,0
PRECTOTCORR,1990,0,0,0,0,0,0,0,0,0,0,0,0,0
PRECTOTCORR,1991,0,0,0,0,0,0,0,0,0,0,0,0,0
PRECTOTCORR,1992,0,0,0,0,0,0,0,0,0,0,0,0,0
PRECTOTCORR,1993,0,0,0,0,0,0,0,0,0,0,0,0,0
PRECTOTCORR,1994,0,0,0,0,0,0,0,0,0,0,0,0,0
PRECTOTCORR,1995,0,0,0,0,0,0,0,0,0,0,0,0,0
PRECTOTCORR,1996,0,0,0,0,0,0,0,0,0,0,0,0,0
PRECTOTCORR,1997,0,0,0,0,0,0,0,0,5.27,0,0,0,0
PRECTOTCORR,1998,0,0,0,0,0,0,0,0,0,0,0,0,0
PRECTOTCORR,1999,0,0,0,0,0,0,0,0,0,0,0,0,0
PRECTOTCORR,2000,0,0,0,0,0,0,0,0,0,0,0,0,0
PRECTOTCORR,2001,0,0,0,0,0,0,0,0,0,0,0,0,0
PRECTOTCORR,2002,0,0,0,0,0,0,0,0,0,0,0,0,0
PRECTOTCORR,2003,5.27,0,0,0,0,0,0,0,0,0,0,0,0
PRECTOTCORR,2004,0,0,0,0,0,0,0,0,0,0,0,0,0
PRECTOTCORR,2005,0,0,0,0,0,0,0,0,0,0,0,0,0
PRECTOTCORR,2006,0,0,0,0,0,0,0,0,0,0,0,0,0
PRECTOTCORR,2007,0,0,0,0,0,0,0,0,0,0,0,0,0
PRECTOTCORR,2008,0,0,0,0,0,0,0,0,0,0,0,0,0
PRECTOTCORR,2009,5.27,0,0,0,0,0,0,0,0,0,0,0,0
PRECTOTCORR,2010,0,0,0,0,0,0,0,0,0,0,0,0,0
PRECTOTCORR,2011,0,0,0,0,0,0,0,0,0,0,0,0,0
PRECTOTCORR,2012,0,0,0,0,0,0,0,0,0,0,0,0,0
PRECTOTCORR,2013,0,0,0,0,0,0,0,0,0,0,0,0,0
PRECTOTCORR,2014,0,0,0,0,0,0,0,0,0,0,0,0,0
PRECTOTCORR,2015,0,0,0,0,0,0,0,0,0,0,0,0,0
PRECTOTCORR,2016,0,0,0,0,0,0,0,0,0,0,0,0,0
PRECTOTCORR,2017,0,0,0,0,0,0,0,0,0,0,0,0,0
PRECTOTCORR,2018,0,0,0,0,0,0,0,0,0,0,0,0,0
PRECTOTCORR,2019,0,0,0,0,0,0,0,0,0,0,0,0,0
PRECTOTCORR,2020,0,0,0,0,0,0,0,0,0,0,0,0,0
PRECTOTCORR,2021,0,0,0,0.13,0.89,0.09,0.01,0.08,0.23,0.22,0.65,0.05,0.2
PRECTOTCORR,2022,0,0.52,0.49,0.37,0.13,0.02,0.02,0.03,0.4,0.29,0.02,0.25,0.21
ALLSKY_SRF_ALB,1981,,,,,,,,,,,,,
ALLSKY_SRF_ALB,1982,,,,,,,,,,,,,
ALLSKY_SRF_ALB,1983,,,,,,,,,,,,,
ALLSKY_SRF_ALB,1984,0.31,0.28,0.3,0.33,0.33,0.31,0.34,0.33,0.32,0.3,0.27,0.26,0.3
ALLSKY_SRF_ALB,1985,0.27,0.33,0.3,0.34,0.3,0.32,0.29,0.34,0.3,0.29,0.27,0.27,0.3
ALLSKY_SRF_ALB,1986,0.29,0.29,0.3,0.34,0.32,0.32,0.34,0.34,0.31,0.27,0.24,0.27,0.3
ALLSKY_SRF_ALB,1987,0.3,0.3,0.3,0.34,0.32,0.31,0.33,0.34,0.3,0.29,0.27,0.24,0.3
ALLSKY_SRF_ALB,1988,0.27,0.32,0.31,0.31,0.3,0.29,0.31,0.3,0.34,0.27,0.29,0.27,0.3
ALLSKY_SRF_ALB,1989,0.27,0.28,0.3,0.34,0.32,0.23,0.3,0.3,0.27,0.26,0.22,0.22,0.27
ALLSKY_SRF_ALB,1990,0.22,0.3,0.29,0.3,0.27,0.27,0.27,0.27,0.27,0.27,0.24,0.21,0.27
ALLSKY_SRF_ALB,1991,0.23,0.26,0.27,0.29,0.28,0.27,0.27,0.3,0.27,0.25,0.25,0.22,0.27
ALLSKY_SRF_ALB,1992,0.22,0.27,0.27,0.29,0.3,0.34,0.3,0.3,0.27,0.28,0.24,0.23,0.27
ALLSKY_SRF_ALB,1993,0.25,0.27,0.27,0.31,0.28,0.29,0.29,0.29,0.3,0.27,0.24,0.22,0.27
ALLSKY_SRF_ALB,1994,0.24,0.27,0.26,0.29,0.27,0.27,0.28,0.3,0.25,0.23,0.27,0.24,0.27
ALLSKY_SRF_ALB,1995,0.25,0.29,0.28,0.33,0.31,0.3,0.3,0.31,0.27,0.27,0.25,0.21,0.28
ALLSKY_SRF_ALB,1996,0.19,0.27,0.25,0.29,0.3,0.28,0.27,0.29,0.27,0.27,0.27,0.25,0.27
ALLSKY_SRF_ALB,1997,0.22,0.26,0.26,0.28,0.29,0.3,0.31,0.3,0.27,0.27,0.23,0.23,0.27
ALLSKY_SRF_ALB,1998,0.24,0.23,0.23,0.27,0.11,0.29,0.31,0.3,0.27,0.29,0.26,0.27,0.26
ALLSKY_SRF_ALB,1999,0.2,0.23,0.26,0.29,0.28,0.27,0.27,0.29,0.27,0.28,0.25,0.21,0.26
ALLSKY_SRF_ALB,2000,0.22,0.26,0.24,0.3,0.28,0.31,0.27,0.31,0.32,0.29,0.27,0.24,0.27
ALLSKY_SRF_ALB,2001,0.34,0.34,0.35,0.37,0.34,0.36,0.34,0.34,0.33,0.33,0.31,0.31,0.34
ALLSKY_SRF_ALB,2002,0.32,0.34,0.35,0.35,0.34,0.35,0.34,0.34,0.34,0.34,0.33,0.34,0.34
ALLSKY_SRF_ALB,2003,0.32,0.35,0.35,0.35,0.34,0.34,0.34,0.34,0.35,0.32,0.32,0.31,0.34
ALLSKY_SRF_ALB,2004,0.33,0.32,0.33,0.34,0.34,0.34,0.34,0.34,0.34,0.33,0.33,0.29,0.33
ALLSKY_SRF_ALB,2005,0.34,0.33,0.32,0.34,0.33,0.34,0.33,0.33,0.33,0.32,0.31,0.3,0.33
ALLSKY_SRF_ALB,2006,0.3,0.32,0.35,0.34,0.33,0.34,0.34,0.34,0.34,0.34,0.31,0.28,0.33
ALLSKY_SRF_ALB,2007,0.31,0.31,0.33,0.32,0.34,0.34,0.34,0.34,0.32,0.33,0.34,0.32,0.33
ALLSKY_SRF_ALB,2008,0.34,0.33,0.35,0.36,0.34,0.35,0.34,0.34,0.34,0.31,0.33,0.3,0.34
ALLSKY_SRF_ALB,2009,0.29,0.32,0.31,0.31,0.31,0.34,0.32,0.32,0.3,0.33,0.31,0.3,0.31
ALLSKY_SRF_ALB,2010,0.3,0.3,0.31,0.33,0.33,0.32,0.34,0.34,0.33,0.33,0.32,0.31,0.32
ALLSKY_SRF_ALB,2011,0.32,0.33,0.32,0.33,0.33,0.34,0.33,0.33,0.32,0.33,0.3,0.32,0.33
ALLSKY_SRF_ALB,2012,0.34,0.34,0.33,0.34,0.34,0.34,0.34,0.34,0.34,0.33,0.3,0.34,0.33
ALLSKY_SRF_ALB,2013,0.33,0.34,0.35,0.35,0.34,0.34,0.34,0.34,0.34,0.33,0.34,0.3,0.34
ALLSKY_SRF_ALB,2014,0.33,0.34,0.34,0.36,0.34,0.34,0.34,0.34,0.34,0.34,0.32,0.33,0.34
ALLSKY_SRF_ALB,2015,0.34,0.34,0.36,0.35,0.34,0.35,0.36,0.34,0.34,0.34,0.33,0.32,0.34
ALLSKY_SRF_ALB,2016,0.34,0.34,0.35,0.34,0.34,0.35,0.35,0.34,0.34,0.34,0.32,0.3,0.34
ALLSKY_SRF_ALB,2017,0.34,0.33,0.35,0.35,0.34,0.35,0.34,0.34,0.34,0.35,0.34,0.34,0.34
ALLSKY_SRF_ALB,2018,0.34,0.34,0.35,0.35,0.34,0.36,0.34,0.35,0.35,0.34,0.33,0.34,0.34
ALLSKY_SRF_ALB,2019,0.34,0.36,0.35,0.36,0.35,0.35,0.35,0.35,0.34,0.35,0.34,0.33,0.34
ALLSKY_SRF_ALB,2020,0.34,0.35,0.35,0.35,0.35,0.36,0.35,0.36,0.34,0.36,0.33,0.34,0.35
ALLSKY_SRF_ALB,2021,0.35,0.35,0.34,0.36,0.35,0.34,0.35,0.34,0.34,0.36,0.34,0.35,0.35
ALLSKY_SRF_ALB,2022,0.37,0.36,0.34,0.37,0.36,0.37,0.36,0.38,0.35,0.34,0.36,0.34,0.36
PRECTOTCORR_SUM,1981,10.55,10.55,10.55,10.55,0,21.09,10.55,15.82,15.82,5.27,0,5.27,116.02
PRECTOTCORR_SUM,1982,21.09,31.64,10.55,84.38,10.55,0,0,0,0,42.19,47.46,0,247.85
PRECTOTCORR_SUM,1983,0,5.27,0,0,5.27,10.55,0,5.27,0,0,0,5.27,31.64
PRECTOTCORR_SUM,1984,0,10.55,5.27,5.27,0,5.27,0,10.55,0,15.82,15.82,5.27,73.83
PRECTOTCORR_SUM,1985,10.55,5.27,26.37,0,31.64,0,0,0,5.27,5.27,26.37,5.27,116.02
PRECTOTCORR_SUM,1986,5.27,5.27,63.28,10.55,10.55,0,5.27,0,10.55,26.37,15.82,5.27,158.2
PRECTOTCORR_SUM,1987,15.82,21.09,0,5.27,5.27,0,0,0,0,10.55,0,15.82,73.83
PRECTOTCORR_SUM,1988,0,0,5.27,5.27,10.55,10.55,0,0,5.27,10.55,31.64,0,79.1
PRECTOTCORR_SUM,1989,0,5.27,0,5.27,5.27,21.09,0,0,10.55,0,5.27,5.27,58.01
PRECTOTCORR_SUM,1990,52.73,0,5.27,26.37,73.83,5.27,0,21.09,5.27,5.27,15.82,52.73,263.67
PRECTOTCORR_SUM,1991,5.27,10.55,26.37,10.55,15.82,5.27,0,5.27,15.82,52.73,10.55,5.27,163.48
PRECTOTCORR_SUM,1992,15.82,5.27,21.09,5.27,21.09,0,15.82,0,10.55,0,63.28,15.82,174.02
PRECTOTCORR_SUM,1993,0,31.64,0,0,0,5.27,0,0,0,0,5.27,15.82,58.01
PRECTOTCORR_SUM,1994,5.27,0,36.91,0,0,0,5.27,0,36.91,31.64,0,0,116.02
PRECTOTCORR_SUM,1995,10.55,0,21.09,5.27,0,10.55,0,5.27,58.01,0,0,5.27,116.02
PRECTOTCORR_SUM,1996,63.28,26.37,68.55,0,10.55,5.27,31.64,0,5.27,0,0,5.27,216.21
PRECTOTCORR_SUM,1997,10.55,0,0,73.83,0,0,5.27,0,89.65,10.55,36.91,21.09,247.85
PRECTOTCORR_SUM,1998,0,5.27,0,26.37,10.55,10.55,0,5.27,10.55,5.27,5.27,0,79.1
PRECTOTCORR_SUM,1999,68.55,73.83,5.27,5.27,10.55,0,0,5.27,5.27,5.27,36.91,31.64,247.85
PRECTOTCORR_SUM,2000,0,0,0,5.27,36.91,0,0,5.27,26.37,15.82,10.55,5.27,105.47
PRECTOTCORR_SUM,2001,15.82,0,5.27,0,5.27,0,0,15.82,5.27,0,10.55,26.37,84.38
PRECTOTCORR_SUM,2002,0,0,0,0,5.27,0,0,21.09,0,10.55,15.82,5.27,58.01
PRECTOTCORR_SUM,2003,100.2,5.27,5.27,15.82,0,5.27,0,0,15.82,42.19,5.27,36.91,232.03
PRECTOTCORR_SUM,2004,15.82,0,36.91,21.09,36.91,21.09,0,5.27,0,15.82,63.28,31.64,247.85
PRECTOTCORR_SUM,2005,0,31.64,5.27,5.27,5.27,21.09,0,15.82,15.82,5.27,10.55,15.82,131.84
PRECTOTCORR_SUM,2006,58.01,36.91,0,15.82,15.82,0,0,5.27,21.09,0,21.09,26.37,200.39
PRECTOTCORR_SUM,2007,0,5.27,15.82,36.91,5.27,0,0,5.27,31.64,0,0,10.55,110.74
PRECTOTCORR_SUM,2008,0,0,0,0,15.82,0,0,5.27,15.82,47.46,0,15.82,100.2
PRECTOTCORR_SUM,2009,116.02,5.27,36.91,15.82,10.55,0,0,0,36.91,0,0,5.27,226.76
PRECTOTCORR_SUM,2010,36.91,10.55,5.27,21.09,10.55,5.27,0,0,10.55,5.27,21.09,0,126.56
PRECTOTCORR_SUM,2011,5.27,0,21.09,36.91,31.64,5.27,0,0,10.55,52.73,5.27,0,168.75
PRECTOTCORR_SUM,2012,0,5.27,5.27,5.27,0,0,0,5.27,0,10.55,15.82,5.27,52.73
PRECTOTCORR_SUM,2013,5.27,0,10.55,36.91,0,10.55,0,15.82,0,21.09,10.55,31.64,142.38
PRECTOTCORR_SUM,2014,15.82,0,15.82,0,10.55,10.55,0,0,21.09,0,5.27,0,79.1
PRECTOTCORR_SUM,2015,0,10.55,5.27,0,0,5.27,0,10.55,15.82,10.55,0,0,58.01
PRECTOTCORR_SUM,2016,0,5.27,10.55,42.19,5.27,0,0,0,21.09,0,10.55,0,94.92
PRECTOTCORR_SUM,2017,5.27,0,10.55,21.09,5.27,0,0,0,5.27,10.55,5.27,5.27,68.55
PRECTOTCORR_SUM,2018,0,0,5.27,0,10.55,0,0,0,5.27,21.09,0,0,42.19
PRECTOTCORR_SUM,2019,0,0,26.37,26.37,10.55,0,0,15.82,31.64,0,21.09,5.27,137.11
PRECTOTCORR_SUM,2020,0,0,21.09,26.37,5.27,5.27,0,0,26.37,0,0,10.55,94.92
PRECTOTCORR_SUM,2021,0,0,0,3.83,27.57,2.57,0.25,2.41,7.02,6.87,19.52,1.41,71.46
PRECTOTCORR_SUM,2022,0.13,14.53,15.09,11.14,4.03,0.59,0.5,0.8,12.03,8.85,0.56,7.68,75.94
